,RK,PLAYER,TEAM,AB,R,H,2B,3B,HR,RBI,SB,CS,BB,SO,AVG,OBP,SLG,OPS,WAR
0,1,Chin-Hui Tsao,LAD,1,1,1,1,0,0,0,0,0,0,0,1.000,1.000,2.000,3.000,0.1
1,,Carlos Carrasco,CLE,1,0,1,0,0,0,0,0,0,0,0,1.000,1.000,1.000,2.000,0.3
2,,Carlos Torres,NYM,1,1,1,0,0,0,0,0,0,0,0,1.000,1.000,1.000,2.000,0.1
3,,Mike Dunn,MIA,1,0,1,0,0,0,0,0,0,0,0,1.000,1.000,1.000,2.000,0.1
4,,Donn Roach,CHC,1,0,1,0,0,0,1,0,0,0,0,1.000,1.000,1.000,2.000,0.1
5,,Branden Pinder,NYY,1,0,1,1,0,0,1,0,0,0,0,1.000,1.000,2.000,3.000,0.1
6,,Keith Hessler,ARI,1,0,1,0,0,0,0,0,0,0,0,1.000,1.000,1.000,2.000,0.1
7,8,Mike Pelfrey,MIN,3,0,2,0,0,0,0,0,0,0,1,.667,.667,.667,1.333,0.1
8,,Justin Masterson,BOS,3,0,2,0,0,0,1,0,0,0,1,.667,.667,.667,1.333,0.1
9,,Emmanuel Burriss,WSH,3,2,2,0,0,0,0,0,0,2,0,.667,.800,.667,1.467,0.2
10,RK,PLAYER,TEAM,AB,R,H,2B,3B,HR,RBI,SB,CS,BB,SO,AVG,OBP,SLG,OPS,WAR
11,,Ryan Brett,TB,3,0,2,1,0,0,0,0,0,1,0,.667,.750,1.000,1.750,0.1
12,12,Chris Young,KC,4,0,2,0,0,0,3,0,0,0,1,.500,.500,.500,1.000,0.1
13,,Wandy Rodriguez,TEX,2,1,1,0,0,0,0,0,0,0,0,.500,.500,.500,1.000,0.1
14,,Scott Feldman,HOU,2,0,1,0,0,0,0,0,0,0,1,.500,.500,.500,1.000,0.1
15,,Yovani Gallardo,TEX,4,0,2,1,0,0,0,0,0,0,1,.500,.500,.750,1.250,0.1
16,,Aaron Laffey,COL,2,0,1,0,0,0,0,0,0,0,1,.500,.500,.500,1.000,0.0
17,,Jeff Samardzija,CHW,2,0,1,0,0,0,0,0,0,0,1,.500,.500,.500,1.000,0.0
18,,Sammy Solis,WSH,2,0,1,0,0,0,0,0,0,0,0,.500,.500,.500,1.000,0.1
19,,Rico Noel,NYY,2,5,1,0,0,0,0,5,2,0,0,.500,.500,.500,1.000,0.0
20,,Jett Bandy,LAA,2,1,1,0,0,1,1,0,0,0,0,.500,.500,2.000,2.500,0.1
21,RK,PLAYER,TEAM,AB,R,H,2B,3B,HR,RBI,SB,CS,BB,SO,AVG,OBP,SLG,OPS,WAR
22,,Mike Wright,BAL,2,0,1,0,0,0,0,0,0,0,1,.500,.500,.500,1.000,0.1
23,,Carter Capps,MIA,2,0,1,0,0,0,0,0,0,0,1,.500,.500,.500,1.000,0.1
24,,Travis Tartamella,STL,2,0,1,0,0,0,0,0,0,0,0,.500,.500,.500,1.000,0.0
25,,Daniel Norris,DET/TOR,2,1,1,0,0,1,2,0,0,1,1,.500,.667,2.000,2.667,0.2
26,25,Bryan Anderson,OAK,5,0,2,0,0,0,1,0,0,1,1,.400,.429,.400,.829,0.1
27,,Max Stassi,HOU,15,4,6,0,0,1,2,0,0,1,5,.400,.438,.600,1.038,0.4
28,,Slade Heathcott,NYY,25,6,10,2,0,2,8,0,1,2,5,.400,.429,.720,1.149,0.4
29,,Cody Stanley,STL,10,2,4,1,0,0,3,0,0,0,3,.400,.400,.500,.900,0.0
30,,Peter O'Brien,ARI,10,1,4,1,0,1,3,0,0,2,5,.400,.500,.800,1.300,0.2
31,30,Tony Sanchez,PIT,8,2,3,0,0,0,0,0,0,1,3,.375,.444,.375,.819,0.2
32,RK,PLAYER,TEAM,AB,R,H,2B,3B,HR,RBI,SB,CS,BB,SO,AVG,OBP,SLG,OPS,WAR
33,,Tyler Matzek,COL,8,3,3,1,0,0,0,0,0,0,1,.375,.375,.500,.875,0.2
34,,Matt Duffy,HOU,8,0,3,1,0,0,3,0,0,1,2,.375,.444,.500,.944,0.1
35,33,Ramon Cabrera,CIN,30,4,11,1,0,1,3,0,0,0,5,.367,.367,.500,.867,0.5
36,34,Jarrett Parker,SF,49,11,17,2,0,6,14,1,1,5,21,.347,.407,.755,1.163,0.5
37,35,Miguel Cabrera,DET,429,64,145,28,1,18,76,1,1,77,82,.338,.440,.534,.974,5.2
38,36,Corey Seager,LAD,98,17,33,8,1,4,17,2,0,14,19,.337,.425,.561,.986,1.8
39,37,Adam Loewen,PHI,3,0,1,0,0,0,0,0,0,0,0,.333,.333,.333,.667,0.0
40,,C.J. Wilson,LAA,6,0,2,0,0,0,0,0,0,0,1,.333,.333,.333,.667,0.1
41,,Marco Estrada,TOR,6,0,2,0,0,0,0,0,0,0,2,.333,.333,.333,.667,0.1
42,,Jesse Chavez,OAK,3,0,1,0,0,0,0,0,0,0,2,.333,.333,.333,.667,0.0
0,41,Jemile Weeks,BOS,9,1,3,0,0,0,1,0,0,0,2,.333,.333,.333,.667,-0.0
1,,Dee Gordon,MIA,615,88,205,24,8,4,46,58,20,25,91,.333,.359,.418,.776,4.9
2,,Justin De Fratus,PHI,3,0,1,0,0,0,0,0,0,0,1,.333,.333,.333,.667,0.0
3,,Henderson Alvarez,MIA,6,1,2,1,0,0,1,0,0,0,1,.333,.333,.500,.833,0.1
4,,Daniel Fields,DET,3,1,1,1,0,0,0,0,0,0,2,.333,.333,.667,1.000,-0.1
5,,Ronald Torreyes,LAD,6,1,2,1,0,0,1,0,0,1,1,.333,.429,.500,.929,0.1
6,,Jamie Romak,ARI,15,2,5,2,0,0,1,0,0,1,6,.333,.375,.467,.842,-0.0
7,,Taylor Jordan,WSH,6,0,2,0,0,0,0,0,0,0,2,.333,.333,.333,.667,0.1
8,,Sean Gilmartin,NYM,6,1,2,0,0,0,0,0,0,0,3,.333,.333,.333,.667,0.1
9,,Alfredo Marte,LAA,6,0,2,0,0,0,0,0,0,1,1,.333,.500,.333,.833,0.2
10,RK,PLAYER,TEAM,AB,R,H,2B,3B,HR,RBI,SB,CS,BB,SO,AVG,OBP,SLG,OPS,WAR
11,,Michael Reed,MIL,6,2,2,1,0,0,0,0,0,0,3,.333,.333,.500,.833,0.1
12,,Sugar Ray Marimon,ATL,6,0,2,0,0,0,0,0,0,1,3,.333,.429,.333,.762,0.1
13,,Dallas Beeler,CHC,3,0,1,1,0,0,0,0,0,0,1,.333,.333,.667,1.000,0.0
14,,Alec Asher,PHI,6,0,2,1,0,0,0,0,0,0,3,.333,.333,.500,.833,0.1
15,55,Bryce Harper,WSH,521,118,172,38,1,42,99,6,4,124,131,.330,.460,.649,1.109,9.9
16,56,Chris Colabello,TOR,333,55,107,19,1,15,54,2,0,22,96,.321,.367,.520,.886,0.7
17,57,Paul Goldschmidt,ARI,567,103,182,38,2,33,110,21,5,118,151,.321,.435,.570,1.005,8.8
18,58,Xander Bogaerts,BOS,613,84,196,35,3,7,81,10,2,32,101,.320,.355,.421,.776,4.6
19,59,Buster Posey,SF,557,74,177,28,0,19,95,2,0,56,52,.318,.379,.470,.849,6.1
20,60,Josh Wilson,DET,38,4,12,3,0,0,5,0,0,0,15,.316,.350,.395,.745,0.1
21,RK,PLAYER,TEAM,AB,R,H,2B,3B,HR,RBI,SB,CS,BB,SO,AVG,OBP,SLG,OPS,WAR
22,,Jesus Aguilar,CLE,19,0,6,1,0,0,2,0,0,0,7,.316,.350,.368,.718,-0.2
23,62,A.J. Pollock,ARI,609,111,192,39,6,20,76,39,7,53,89,.315,.367,.498,.865,7.4
24,63,Yunel Escobar,WSH,535,75,168,25,1,9,56,2,2,45,70,.314,.375,.415,.790,1.9
25,64,Joey Votto,CIN,545,95,171,33,2,29,80,11,3,143,135,.314,.459,.541,1.000,7.6
26,65,Jose Altuve,HOU,638,86,200,40,4,15,66,38,13,33,67,.313,.353,.459,.812,4.5
27,66,Kyle Blanks,TEX,67,10,21,5,0,3,6,1,0,4,20,.313,.352,.522,.875,0.4
28,67,Francisco Lindor,CLE,390,50,122,22,4,12,51,12,2,27,69,.313,.353,.482,.835,4.6
29,68,David Peralta,ARI,462,61,144,26,10,17,78,9,4,44,107,.312,.371,.522,.893,3.7
30,69,Joe Panik,SF,382,59,119,27,2,8,37,3,2,38,42,.312,.378,.455,.833,3.4
31,70,Phil Gosselin,ATL/ARI,106,19,33,9,1,3,15,2,1,9,16,.311,.373,.500,.873,0.8
32,RK,PLAYER,TEAM,AB,R,H,2B,3B,HR,RBI,SB,CS,BB,SO,AVG,OBP,SLG,OPS,WAR
33,71,Michael Brantley,CLE,529,68,164,45,0,15,84,15,1,60,51,.310,.379,.480,.859,3.4
34,72,J.P. Arencibia,TB,71,9,22,3,0,6,17,0,0,1,22,.310,.315,.606,.921,0.7
35,73,Justin Morneau,COL,168,19,52,10,3,3,15,0,0,13,25,.310,.363,.458,.821,0.4
36,74,Enrique Hernandez,LAD,202,24,62,12,2,7,22,0,2,11,46,.307,.346,.490,.836,1.4
37,75,Lorenzo Cain,KC,551,101,169,34,6,16,72,28,6,37,98,.307,.361,.477,.838,7.2
38,76,Ben Revere,TOR/PHI,592,84,181,22,7,2,45,31,7,32,64,.306,.342,.377,.719,2.6
39,77,Prince Fielder,TEX,613,78,187,28,0,23,98,0,0,64,88,.305,.378,.463,.841,1.9
40,78,Stephen Piscotty,STL,233,29,71,15,4,7,39,2,1,20,56,.305,.359,.494,.853,0.9
41,79,Devon Travis,TOR,217,38,66,18,0,8,35,3,1,18,43,.304,.361,.498,.859,2.4
42,80,Corey Dickerson,COL,224,30,68,18,2,10,31,0,1,10,56,.304,.333,.536,.869,0.5
0,81,Ender Inciarte,ARI,524,73,159,27,5,6,45,21,10,26,58,.303,.338,.408,.747,5.3
1,82,Kelby Tomlinson,SF,178,23,54,6,3,2,20,5,4,14,40,.303,.358,.404,.762,1.0
2,83,Socrates Brito,ARI,33,5,10,3,1,0,1,1,0,1,7,.303,.324,.455,.778,0.6
3,84,Jason Kipnis,CLE,565,86,171,43,7,9,52,12,8,57,107,.303,.372,.451,.823,4.6
4,85,Rob Refsnyder,NYY,43,3,13,3,0,2,5,2,0,3,7,.302,.348,.512,.859,0.3
5,86,Brett Wallace,SD,96,14,29,6,0,5,16,0,0,10,31,.302,.374,.521,.895,0.6
6,87,Nelson Cruz,SEA,590,90,178,22,1,44,93,3,2,59,164,.302,.369,.566,.936,5.2
7,88,DJ LeMahieu,COL,564,85,170,21,5,6,61,23,3,50,107,.301,.358,.388,.746,2.3
8,89,Denard Span,WSH,246,38,74,17,0,5,22,11,0,25,26,.301,.365,.431,.796,0.8
9,90,Ryan Raburn,CLE,173,22,52,16,1,8,29,0,0,23,44,.301,.393,.543,.936,1.1
10,RK,PLAYER,TEAM,AB,R,H,2B,3B,HR,RBI,SB,CS,BB,SO,AVG,OBP,SLG,OPS,WAR
11,91,Nick Hundley,COL,366,45,110,21,5,10,43,5,6,21,76,.301,.339,.467,.807,1.8
12,92,Jose Iglesias,DET,416,44,125,17,3,2,23,11,8,25,44,.300,.347,.370,.717,1.5
13,93,Christian Yelich,MIA,476,63,143,30,2,7,44,16,5,47,101,.300,.366,.416,.782,3.5
14,94,Jorge Polanco,MIN,10,1,3,0,0,0,1,1,0,2,1,.300,.417,.300,.717,0.1
15,,Tim Cooney,STL,10,1,3,1,0,0,0,0,0,0,0,.300,.300,.400,.700,0.2
16,96,A.J. Pierzynski,ATL,407,38,122,24,1,9,49,0,2,19,37,.300,.339,.430,.769,1.6
17,97,Mike Trout,LAA,575,104,172,32,6,41,90,11,7,92,158,.299,.402,.590,.991,9.4
18,98,Eric Hosmer,KC,599,98,178,33,5,18,93,7,3,61,108,.297,.363,.459,.822,3.6
19,99,Odubel Herrera,PHI,495,64,147,30,3,8,41,16,8,28,129,.297,.344,.418,.762,3.8
20,100,Josh Donaldson,TOR,620,122,184,41,2,41,123,6,0,73,133,.297,.371,.568,.939,8.8
21,RK,PLAYER,TEAM,AB,R,H,2B,3B,HR,RBI,SB,CS,BB,SO,AVG,OBP,SLG,OPS,WAR
22,101,Ian Kinsler,DET,624,94,185,35,7,11,73,10,6,43,80,.296,.342,.428,.770,6.0
23,102,Jason Rogers,MIL,152,22,45,6,2,4,16,0,0,15,34,.296,.367,.441,.808,0.5
24,103,Nick Markakis,ATL,612,73,181,38,1,3,53,2,1,70,83,.296,.370,.376,.746,1.9
25,104,Howie Kendrick,LAD,464,64,137,22,2,9,54,6,2,27,82,.295,.336,.409,.746,1.1
26,105,Mikie Mahtook,TB,105,22,31,5,1,9,19,4,3,6,31,.295,.351,.619,.970,1.2
27,106,Trayce Thompson,CHW,122,17,36,8,3,5,16,1,0,13,26,.295,.363,.533,.896,1.5
28,107,Matt Duffy,SF,573,77,169,28,6,12,77,12,0,30,96,.295,.334,.428,.762,4.9
29,108,Francisco Cervelli,PIT,451,56,133,17,5,7,43,1,1,46,94,.295,.370,.401,.771,3.1
30,109,Billy Burns,OAK,520,70,153,18,9,5,42,26,8,26,81,.294,.334,.392,.726,2.8
31,110,Brandon Phillips,CIN,588,69,173,19,2,12,70,23,3,27,68,.294,.328,.395,.723,3.5
32,RK,PLAYER,TEAM,AB,R,H,2B,3B,HR,RBI,SB,CS,BB,SO,AVG,OBP,SLG,OPS,WAR
33,111,Andre Ethier,LAD,395,54,116,20,7,14,53,2,3,43,75,.294,.366,.486,.852,2.7
34,112,Justin Turner,LAD,385,55,113,26,1,16,60,5,2,36,71,.294,.370,.491,.861,3.9
35,113,Jason Heyward,STL,547,79,160,33,4,13,60,23,3,56,90,.293,.359,.439,.797,6.5
36,114,Franklin Gutierrez,SEA,171,27,50,11,0,15,35,0,0,14,54,.292,.354,.620,.974,2.4
37,115,Andres Blanco,PHI,233,32,68,22,3,7,25,1,1,21,44,.292,.360,.502,.863,1.5
38,116,Mat Latos,LAA/LAD/MIA,24,1,7,0,0,0,1,0,0,0,7,.292,.292,.292,.583,0.5
39,117,Andrew McCutchen,PIT,566,91,165,36,3,23,96,11,5,98,133,.292,.401,.488,.889,4.8
40,118,Mookie Betts,BOS,597,92,174,42,8,18,77,21,6,46,82,.291,.341,.479,.820,6.0
41,119,Dustin Pedroia,BOS,381,46,111,19,1,12,42,2,2,38,51,.291,.356,.441,.797,2.0
42,120,Yoenis Cespedes,DET/NYM,633,101,184,42,6,35,105,7,5,33,141,.291,.328,.542,.870,6.3
0,121,Gerardo Parra,BAL/MIL,547,83,159,36,5,14,51,14,4,28,92,.291,.328,.452,.780,1.0
1,122,Gregor Blanco,SF,327,59,95,19,3,5,26,13,5,40,59,.291,.368,.413,.781,1.1
2,123,Jose Abreu,CHW,613,88,178,34,3,30,101,0,0,39,140,.290,.347,.502,.850,3.8
3,124,Kendrys Morales,KC,569,81,165,41,2,22,106,0,0,58,103,.290,.362,.485,.847,2.4
4,125,Danny Valencia,OAK/TOR,345,59,100,23,1,18,66,2,2,29,80,.290,.345,.519,.864,1.8
5,126,Christian Colon,KC,107,8,31,5,0,0,6,3,2,11,17,.290,.356,.336,.692,0.6
6,127,Cole Gillespie,MIA,145,17,42,10,2,2,16,4,1,10,27,.290,.333,.428,.761,0.4
7,128,David Wright,NYM,152,24,44,7,0,5,17,2,1,22,36,.289,.379,.434,.814,0.5
8,,Jose Tabata,PIT,38,2,11,0,0,0,4,0,1,2,7,.289,.341,.289,.631,-0.3
9,,Javier Baez,CHC,76,4,22,6,0,1,4,1,2,4,24,.289,.325,.408,.733,0.6
10,RK,PLAYER,TEAM,AB,R,H,2B,3B,HR,RBI,SB,CS,BB,SO,AVG,OBP,SLG,OPS,WAR
11,131,Chris Stewart,PIT,159,9,46,8,0,0,15,0,0,6,29,.289,.320,.340,.659,0.3
12,132,Martin Prado,MIA,500,52,144,22,2,9,63,1,0,37,68,.288,.338,.394,.732,3.1
13,133,Adrian Beltre,TEX,567,83,163,32,4,18,83,1,0,41,65,.287,.334,.453,.788,5.8
14,134,Jung Ho Kang,PIT,421,60,121,24,2,15,58,5,4,28,99,.287,.355,.461,.816,4.0
15,135,Nolan Arenado,COL,616,97,177,43,4,42,130,2,5,34,110,.287,.323,.575,.898,5.7
16,136,Norichika Aoki,SF,355,42,102,12,3,5,26,14,5,30,25,.287,.353,.380,.733,1.0
17,137,Steve Clevenger,BAL,101,11,29,4,2,2,15,0,0,4,13,.287,.314,.426,.740,0.4
18,138,Josh Harrison,PIT,418,57,120,29,1,4,28,10,8,19,71,.287,.327,.390,.717,1.7
19,139,Adam Eaton,CHW,610,98,175,28,9,14,56,18,8,58,131,.287,.361,.431,.792,3.9
20,140,Robinson Cano,SEA,624,82,179,34,1,21,79,2,6,43,107,.287,.334,.446,.779,3.4
21,RK,PLAYER,TEAM,AB,R,H,2B,3B,HR,RBI,SB,CS,BB,SO,AVG,OBP,SLG,OPS,WAR
22,141,Starling Marte,PIT,579,84,166,30,2,19,81,30,10,27,123,.287,.337,.444,.780,5.3
23,142,Charlie Blackmon,COL,614,93,176,31,9,17,58,43,13,46,112,.287,.347,.450,.797,2.3
24,143,John Jaso,TB,185,23,53,17,0,5,22,1,2,28,39,.286,.380,.459,.839,1.0
25,144,Manny Machado,BAL,633,102,181,30,1,35,86,20,8,70,111,.286,.359,.502,.861,7.1
26,145,Paul Janish,BAL,35,4,10,3,0,0,3,0,0,0,3,.286,.278,.371,.649,0.2
27,,Brent Morel,PIT,7,1,2,1,0,0,1,0,0,0,3,.286,.286,.429,.714,0.0
28,,Mason Williams,NYY,21,3,6,3,0,1,3,0,0,1,3,.286,.318,.571,.890,0.1
29,,Steven Matz,NYM,14,1,4,1,0,0,5,0,0,0,1,.286,.286,.357,.643,0.1
30,149,Ryan Braun,MIL,506,87,144,27,3,25,84,24,4,54,115,.285,.356,.498,.854,3.8
31,150,Jonathan Villar,HOU,116,18,33,7,1,2,11,7,2,10,29,.284,.339,.414,.752,0.9
32,RK,PLAYER,TEAM,AB,R,H,2B,3B,HR,RBI,SB,CS,BB,SO,AVG,OBP,SLG,OPS,WAR
33,151,Mike Moustakas,KC,549,73,156,34,1,22,82,1,2,43,76,.284,.348,.470,.817,4.4
34,152,Josh Rutledge,BOS,74,11,21,1,0,1,10,0,0,5,26,.284,.333,.338,.671,0.0
35,153,Ketel Marte,SEA,219,25,62,14,3,2,17,8,4,24,43,.283,.351,.402,.753,2.3
36,154,David Murphy,LAA/CLE,361,38,102,18,1,10,50,0,2,20,49,.283,.318,.421,.739,0.0
37,155,Yonder Alonso,SD,354,50,100,18,1,5,31,2,5,42,48,.282,.361,.381,.742,1.8
38,156,Juan Perez,SF,39,5,11,3,0,0,2,1,0,1,6,.282,.300,.359,.659,0.2
39,157,Eduardo Nunez,MIN,188,23,53,14,1,4,20,8,4,12,29,.282,.327,.431,.758,1.5
40,158,J.D. Martinez,DET,596,93,168,33,2,38,102,3,2,53,178,.282,.344,.535,.879,5.0
41,159,Miguel Rojas,MIA,142,13,40,7,1,1,17,0,1,11,16,.282,.329,.366,.695,1.1
42,160,Logan Forsythe,TB,540,69,152,33,2,17,68,9,4,55,111,.281,.359,.444,.804,5.1
0,161,Bryan Holaday,DET,64,3,18,5,0,2,13,0,0,1,13,.281,.292,.453,.745,0.2
1,162,Adeiny Hechavarria,MIA,470,54,132,17,6,5,48,7,2,23,78,.281,.315,.374,.689,2.1
2,163,Daniel Murphy,NYM,499,56,140,38,2,14,73,2,2,31,38,.281,.322,.449,.770,1.4
3,164,Brandon Belt,SF,492,73,138,33,5,18,68,9,3,56,147,.280,.356,.478,.834,3.9
4,165,Daniel Robertson,LAA,75,10,21,2,0,0,7,0,0,2,7,.280,.299,.307,.605,0.5
5,166,Troy Tulowitzki,TOR/COL,486,77,136,27,0,17,70,1,0,38,114,.280,.337,.440,.777,2.8
6,167,James Loney,TB,361,25,101,16,0,4,32,2,4,23,34,.280,.322,.357,.680,-0.6
7,168,Brock Holt,BOS,454,56,127,27,6,2,45,8,1,46,97,.280,.349,.379,.727,2.6
8,169,Maikel Franco,PHI,304,45,85,22,1,14,50,1,0,26,52,.280,.343,.497,.840,1.7
9,170,Eugenio Suarez,CIN,372,42,104,19,2,13,48,4,1,17,94,.280,.315,.446,.761,0.8
10,RK,PLAYER,TEAM,AB,R,H,2B,3B,HR,RBI,SB,CS,BB,SO,AVG,OBP,SLG,OPS,WAR
11,171,Matt Holliday,STL,229,24,64,16,1,4,35,2,1,39,49,.279,.394,.410,.804,0.8
12,172,Marwin Gonzalez,HOU,344,44,96,18,1,12,34,4,5,16,74,.279,.317,.442,.759,1.8
13,,Carlos Correa,HOU,387,52,108,22,1,22,68,14,4,40,78,.279,.345,.512,.857,4.1
14,174,Jonathan Schoop,BAL,305,34,85,17,0,15,39,2,0,9,79,.279,.306,.482,.788,1.4
15,175,Anthony Rizzo,CHC,586,94,163,38,3,31,101,17,6,78,105,.278,.387,.512,.899,6.3
16,,Kevin Pillar,TOR,586,76,163,31,2,12,56,25,4,28,85,.278,.314,.399,.713,5.2
17,177,Mitch Moreland,TEX,471,51,131,27,0,23,85,1,0,32,112,.278,.330,.482,.812,2.2
18,178,Adonis Garcia,ATL,191,20,53,12,0,10,26,0,0,5,35,.277,.293,.497,.790,0.6
19,179,John Ryan Murphy,NYY,155,21,43,9,1,3,14,0,0,12,43,.277,.327,.406,.734,0.4
20,180,Ben Paulsen,COL,325,42,90,19,4,11,49,1,2,23,92,.277,.326,.462,.787,0.8
21,RK,PLAYER,TEAM,AB,R,H,2B,3B,HR,RBI,SB,CS,BB,SO,AVG,OBP,SLG,OPS,WAR
22,181,Adam Lind,MIL,502,72,139,32,0,20,87,0,0,66,100,.277,.360,.460,.820,3.1
23,182,Edwin Encarnacion,TOR,528,94,146,31,0,39,111,3,2,77,98,.277,.372,.557,.929,4.7
24,183,Freddie Freeman,ATL,416,62,115,27,0,18,66,3,1,56,98,.276,.370,.471,.841,3.4
25,184,Joey Butler,TB,257,30,71,12,0,8,30,5,2,16,82,.276,.326,.416,.742,0.5
26,185,Ben Zobrist,KC/OAK,467,76,129,36,3,13,56,3,4,62,56,.276,.359,.450,.809,1.9
27,186,Carlos Beltran,NYY,478,57,132,34,1,19,67,0,0,45,85,.276,.337,.471,.808,0.9
28,187,Oswaldo Arcia,MIN,58,6,16,0,0,2,8,0,0,4,15,.276,.338,.379,.718,-0.3
29,,Rey Navarro,BAL,29,5,8,2,0,1,3,0,0,0,3,.276,.276,.448,.724,-0.1
30,189,George Springer,HOU,388,59,107,19,2,16,41,16,4,50,109,.276,.367,.459,.826,3.8
31,190,Shin-Soo Choo,TEX,555,94,153,32,3,22,82,4,2,76,147,.276,.375,.463,.838,3.5
32,RK,PLAYER,TEAM,AB,R,H,2B,3B,HR,RBI,SB,CS,BB,SO,AVG,OBP,SLG,OPS,WAR
33,191,Randal Grichuk,STL,323,49,89,23,7,17,47,4,2,22,110,.276,.329,.548,.877,3.2
34,192,Kris Bryant,CHC,559,87,154,31,5,26,99,13,4,77,199,.275,.369,.488,.858,6.0
35,193,Jimmy Paredes,BAL,363,46,100,17,2,10,42,4,4,19,111,.275,.310,.416,.726,0.2
36,194,Hunter Pence,SF,207,30,57,13,1,9,40,4,1,16,48,.275,.327,.478,.806,1.0
37,195,Adrian Gonzalez,LAD,571,76,157,33,0,28,90,0,1,62,107,.275,.350,.480,.830,3.9
38,196,Jhonny Peralta,STL,579,64,159,26,1,17,71,1,4,50,111,.275,.334,.411,.745,1.8
39,197,Jose Reyes,TOR/COL,481,57,132,25,2,7,53,24,6,26,62,.274,.310,.378,.688,0.3
40,198,Travis Shaw,BOS,226,31,62,10,0,13,36,0,1,18,57,.274,.331,.491,.822,1.1
41,199,Blake Swihart,BOS,288,47,79,17,1,5,31,4,2,18,77,.274,.319,.392,.712,0.4
42,200,Melky Cabrera,CHW,629,70,172,36,2,12,77,3,0,40,88,.273,.314,.394,.709,1.4
0,201,Yasmany Tomas,ARI,406,40,111,19,3,9,48,5,2,17,110,.273,.305,.401,.707,-1.3
1,202,Brayan Pena,CIN,333,17,91,17,0,0,18,2,0,29,34,.273,.334,.324,.659,0.4
2,203,Ezequiel Carrera,TOR,172,27,47,8,0,3,26,2,1,11,45,.273,.321,.372,.693,-0.9
3,204,David Ortiz,BOS,528,73,144,37,0,37,108,0,1,77,95,.273,.360,.553,.913,3.2
4,205,Josh Reddick,OAK,526,67,143,25,4,20,77,10,2,49,65,.272,.333,.449,.781,3.5
5,206,Clint Robinson,WSH,309,44,84,15,1,10,34,0,0,37,52,.272,.358,.424,.782,0.2
6,207,Matt Carpenter,STL,574,101,156,44,3,28,84,4,3,81,151,.272,.365,.505,.871,4.0
7,208,Cesar Hernandez,PHI,405,57,110,20,4,1,35,19,5,40,86,.272,.339,.348,.687,0.9
8,209,Johnny Giavotella,LAA,453,51,123,25,5,4,49,2,1,32,59,.272,.318,.375,.694,1.0
9,210,Alex Gordon,KC,354,40,96,18,0,13,48,2,5,49,92,.271,.377,.432,.809,2.8
10,RK,PLAYER,TEAM,AB,R,H,2B,3B,HR,RBI,SB,CS,BB,SO,AVG,OBP,SLG,OPS,WAR
11,211,Carlos Gonzalez,COL,554,87,150,25,2,40,97,2,0,46,133,.271,.325,.540,.864,3.0
12,212,Cory Spangenberg,SD,303,38,82,17,5,4,21,9,4,28,75,.271,.333,.399,.733,2.1
13,213,Yadier Molina,STL,488,34,132,23,2,4,61,3,1,32,59,.270,.310,.350,.660,1.5
14,214,Taylor Jungmann,MIL,37,2,10,2,0,0,0,0,0,1,12,.270,.289,.324,.614,0.4
15,215,Delmon Young,BAL,174,20,47,6,0,2,16,0,0,4,29,.270,.289,.339,.628,0.1
16,,Michael Conforto,NYM,174,30,47,14,0,9,26,0,1,17,39,.270,.335,.506,.841,2.1
17,217,Yangervis Solarte,SD,526,63,142,33,4,14,63,1,0,34,56,.270,.320,.428,.748,2.2
18,218,Evan Longoria,TB,604,74,163,35,1,21,73,3,1,51,132,.270,.328,.435,.764,3.2
19,219,Erick Aybar,LAA,597,74,161,30,1,3,44,15,6,25,73,.270,.301,.338,.639,2.3
20,220,Adam Jones,BAL,546,74,147,25,3,27,82,3,1,24,102,.269,.308,.474,.782,3.3
21,RK,PLAYER,TEAM,AB,R,H,2B,3B,HR,RBI,SB,CS,BB,SO,AVG,OBP,SLG,OPS,WAR
22,221,Eury Perez,ATL,119,10,32,4,0,0,5,3,1,7,23,.269,.331,.303,.633,-0.1
23,222,Neil Walker,PIT,543,69,146,32,3,16,71,4,1,44,110,.269,.328,.427,.756,2.4
24,223,Chris Denorfia,CHC,212,18,57,11,1,3,18,0,1,15,56,.269,.319,.373,.691,-0.3
25,224,Miguel Sano,MIN,279,46,75,17,1,18,52,1,1,53,119,.269,.385,.530,.916,2.1
26,225,Tommy La Stella,CHC,67,4,18,6,0,1,11,2,0,5,7,.269,.324,.403,.727,0.5
27,226,Wilin Rosario,COL,231,22,62,14,1,6,29,2,1,8,56,.268,.295,.416,.710,-1.4
28,227,Steve Tolleson,TOR,41,9,11,5,1,0,3,2,0,4,9,.268,.333,.439,.772,0.6
29,228,Desmond Jennings,TB,97,9,26,2,1,1,7,5,3,8,17,.268,.324,.340,.664,0.5
30,229,Tommy Pham,STL,153,28,41,7,5,5,18,2,0,19,41,.268,.347,.477,.824,1.5
31,230,Travis d'Arnaud,NYM,239,31,64,14,1,12,41,0,0,23,49,.268,.340,.485,.825,1.7
32,RK,PLAYER,TEAM,AB,R,H,2B,3B,HR,RBI,SB,CS,BB,SO,AVG,OBP,SLG,OPS,WAR
33,231,Matt Wieters,BAL,258,24,69,14,1,8,25,0,0,21,67,.267,.319,.422,.742,0.8
34,232,Cameron Maybin,ATL,505,65,135,18,2,10,59,23,6,45,102,.267,.327,.370,.697,0.6
35,233,Eddie Rosario,MIN,453,60,121,18,15,13,50,11,6,15,118,.267,.289,.459,.748,2.2
36,234,Austin Jackson,SEA/CHC,491,56,131,25,3,9,48,17,10,29,126,.267,.311,.385,.696,1.5
37,235,Michael Martinez,CLE,30,7,8,2,0,0,2,0,1,1,12,.267,.290,.333,.624,-0.0
38,,L.J. Hoes,HOU,15,1,4,0,0,0,1,0,0,1,3,.267,.313,.267,.579,0.2
39,237,Kyle Seager,SEA,623,85,166,37,0,26,74,6,6,54,98,.266,.328,.451,.779,4.3
40,238,JB Shuck,CHW,143,15,38,8,2,0,15,7,5,16,16,.266,.340,.350,.689,0.9
41,239,Tyler Collins,DET,192,18,51,11,3,4,25,2,1,13,43,.266,.316,.417,.732,-0.2
42,240,Andrelton Simmons,ATL,535,60,142,23,2,4,44,5,3,39,48,.265,.321,.338,.660,4.0
0,241,Asdrubal Cabrera,TB,505,66,134,28,5,15,58,6,3,36,107,.265,.315,.430,.744,1.8
1,242,Giancarlo Stanton,MIA,279,47,74,12,1,27,67,4,2,34,95,.265,.346,.606,.952,3.7
2,243,Joe Mauer,MIN,592,69,157,34,2,10,66,2,1,67,112,.265,.338,.380,.718,1.5
3,244,Carl Crawford,LAD,181,19,48,9,2,4,16,10,2,10,41,.265,.304,.403,.707,-0.2
4,245,Matt Kemp,SD,596,80,158,31,3,23,100,12,2,39,147,.265,.312,.443,.755,0.6
5,246,Starlin Castro,CHC,547,52,145,23,2,11,69,5,5,21,91,.265,.296,.375,.671,0.7
6,247,Brandon Guyer,TB,332,51,88,21,2,8,28,10,4,25,61,.265,.359,.413,.771,1.9
7,248,Didi Gregorius,NYY,525,57,139,24,2,9,56,5,3,33,85,.265,.318,.370,.688,3.3
8,249,Henry Urrutia,BAL,34,3,9,1,0,1,6,0,0,2,3,.265,.306,.382,.688,0.1
9,250,Kelly Johnson,ATL/NYM,310,38,82,11,0,14,47,2,1,23,81,.265,.314,.435,.750,0.3
10,RK,PLAYER,TEAM,AB,R,H,2B,3B,HR,RBI,SB,CS,BB,SO,AVG,OBP,SLG,OPS,WAR
11,251,James McCann,DET,401,32,106,18,5,7,41,0,1,16,90,.264,.297,.387,.683,1.0
12,252,Jonathan Lucroy,MIL,371,51,98,20,3,7,43,1,0,36,64,.264,.326,.391,.717,1.0
13,253,Scooter Gennett,MIL,375,42,99,18,4,6,29,1,3,12,68,.264,.294,.381,.675,0.6
14,254,Anthony Rendon,WSH,311,43,82,16,0,5,25,1,2,36,70,.264,.344,.363,.707,0.3
15,255,Kevin Kiermaier,TB,505,62,133,25,12,10,40,18,5,24,95,.263,.298,.420,.718,7.4
16,256,Freddy Galvis,PHI,559,63,147,14,5,7,50,10,1,30,103,.263,.302,.343,.645,0.4
17,257,Wilmer Flores,NYM,483,55,127,22,0,16,59,0,1,19,63,.263,.295,.408,.703,0.8
18,258,Jake Lamb,ARI,350,38,92,15,5,6,34,3,2,36,97,.263,.331,.386,.716,1.7
19,259,Jorge Soler,CHC,366,39,96,18,1,10,47,3,1,32,121,.262,.324,.399,.723,-0.1
20,260,Kolten Wong,STL,557,71,146,28,4,11,61,15,8,36,95,.262,.321,.386,.707,2.3
21,RK,PLAYER,TEAM,AB,R,H,2B,3B,HR,RBI,SB,CS,BB,SO,AVG,OBP,SLG,OPS,WAR
22,261,Shawn O'Malley,SEA,42,10,11,1,0,1,7,3,0,12,14,.262,.418,.357,.775,0.5
23,,C.J. Cron,LAA,378,37,99,17,1,16,51,3,1,17,82,.262,.300,.439,.739,0.2
24,,Xavier Scruggs,STL,42,5,11,2,0,0,7,1,0,0,10,.262,.279,.310,.589,-0.1
25,264,Mark Trumbo,SEA/ARI,508,62,133,23,3,22,64,0,0,36,132,.262,.310,.449,.759,1.6
26,265,Chris Davis,BAL,573,100,150,31,0,47,117,2,3,84,208,.262,.361,.562,.923,5.2
27,266,Angel Pagan,SF,512,55,134,21,3,3,37,12,4,32,93,.262,.303,.332,.635,-1.9
28,267,Eduardo Escobar,MIN,409,48,107,31,4,12,58,2,3,28,86,.262,.309,.445,.754,2.0
29,,Justin Bour,MIA,409,42,107,20,0,23,73,0,0,34,101,.262,.321,.479,.800,0.3
30,269,Alejandro De Aza,BAL/BOS/SF,325,51,85,17,7,7,35,7,5,31,84,.262,.333,.422,.755,1.0
31,270,Delino DeShields,TEX,425,83,111,22,10,2,37,25,8,53,101,.261,.344,.374,.718,1.1
32,RK,PLAYER,TEAM,AB,R,H,2B,3B,HR,RBI,SB,CS,BB,SO,AVG,OBP,SLG,OPS,WAR
33,271,Greg Bird,NYY,157,26,41,9,0,11,31,0,0,19,53,.261,.343,.529,.871,0.9
34,272,Ruben Tejada,NYM,360,36,94,23,0,3,28,2,1,38,70,.261,.338,.350,.688,-0.1
35,273,Chris Dominguez,CIN,23,2,6,1,1,1,3,0,0,0,12,.261,.261,.522,.783,0.1
36,274,Stephen Vogt,OAK,445,58,116,21,3,18,71,0,2,56,97,.261,.341,.443,.783,3.5
37,275,Pedro Ciriaco,ATL,142,14,37,8,1,1,15,4,2,2,38,.261,.275,.352,.627,0.3
38,,Rougned Odor,TEX,426,54,111,21,9,16,61,6,7,23,79,.261,.316,.465,.781,1.9
39,277,Salvador Perez,KC,531,52,138,25,0,21,70,1,0,13,82,.260,.280,.426,.706,2.3
40,278,Rafael Ynoa,COL,127,14,33,8,1,0,9,1,0,3,28,.260,.277,.339,.616,-0.6
41,279,Brett Lawrie,OAK,562,64,146,29,3,16,60,5,2,28,144,.260,.299,.407,.706,1.9
42,280,Darwin Barney,TOR/LAD,27,4,7,1,0,2,4,0,0,1,2,.259,.286,.519,.804,0.2
0,281,Marcell Ozuna,MIA,459,47,119,27,0,10,44,2,3,30,110,.259,.308,.383,.691,0.4
1,282,Brett Gardner,NYY,571,94,148,26,3,16,66,20,5,68,135,.259,.343,.399,.742,3.3
2,283,Shane Peterson,MIL,201,22,52,7,3,2,16,0,1,20,55,.259,.324,.353,.678,0.6
3,284,Curtis Granderson,NYM,580,98,150,33,2,26,70,11,6,91,151,.259,.364,.457,.821,5.1
4,,Chase Headley,NYY,580,74,150,29,1,11,62,0,2,51,135,.259,.324,.369,.693,1.1
5,,Brian Bogusevic,PHI,58,9,15,3,0,2,5,2,0,3,21,.259,.295,.414,.709,0.1
6,287,Michael Cuddyer,NYM,379,44,98,18,1,10,41,2,0,24,88,.259,.309,.391,.699,0.5
7,288,B.J. Upton,SD,205,23,53,12,4,5,17,9,3,21,62,.259,.327,.429,.757,1.6
8,289,Juan Lagares,NYM,441,47,114,16,5,6,41,7,3,16,87,.259,.289,.358,.647,0.6
9,,J.T. Realmuto,MIA,441,49,114,21,7,10,47,8,4,19,70,.259,.290,.406,.696,2.2
10,RK,PLAYER,TEAM,AB,R,H,2B,3B,HR,RBI,SB,CS,BB,SO,AVG,OBP,SLG,OPS,WAR
11,291,Elvis Andrus,TEX,596,69,154,34,2,7,62,25,9,46,78,.258,.309,.357,.667,2.1
12,292,Rajai Davis,DET,341,55,88,16,11,8,30,18,8,22,76,.258,.306,.440,.746,1.6
13,293,Brad Miller,SEA,438,44,113,22,4,11,46,13,4,47,101,.258,.329,.402,.730,0.6
14,294,Zack Cozart,CIN,194,28,50,10,1,9,28,3,3,14,29,.258,.310,.459,.769,2.0
15,295,Jeff Francoeur,PHI,326,34,84,16,1,13,45,0,2,13,77,.258,.286,.433,.718,-1.1
16,296,Marcus Semien,OAK,556,65,143,23,7,15,45,11,5,42,132,.257,.310,.405,.715,2.7
17,297,Jean Segura,MIL,560,57,144,16,5,6,50,25,6,13,93,.257,.281,.336,.616,-0.0
18,,Tom Murphy,COL,35,5,9,1,0,3,9,0,0,4,10,.257,.333,.543,.876,0.2
19,299,David Freese,LAA,424,53,109,27,0,14,56,1,1,31,107,.257,.323,.420,.743,2.4
20,300,Avisail Garcia,CHW,553,66,142,17,2,13,59,7,7,36,141,.257,.309,.365,.675,-0.3
21,RK,PLAYER,TEAM,AB,R,H,2B,3B,HR,RBI,SB,CS,BB,SO,AVG,OBP,SLG,OPS,WAR
22,301,Jacoby Ellsbury,NYY,452,66,116,15,2,7,33,21,9,35,86,.257,.318,.345,.663,1.9
23,302,Alcides Escobar,KC,612,76,157,20,5,3,47,17,5,26,75,.257,.293,.320,.614,0.6
24,303,Brandon Crawford,SF,507,65,130,33,4,21,84,6,4,39,119,.256,.321,.462,.782,5.6
25,304,Gregory Polanco,PIT,593,83,152,35,6,9,52,27,10,55,121,.256,.320,.381,.701,2.5
26,305,Derek Dietrich,MIA,250,38,64,14,3,10,24,0,2,23,65,.256,.346,.456,.802,0.1
27,306,Aaron Hicks,MIN,352,48,90,11,3,11,33,13,3,34,66,.256,.323,.398,.721,1.3
28,307,Kole Calhoun,LAA,630,78,161,23,2,26,83,4,1,45,164,.256,.308,.422,.731,3.0
29,308,Andrew Romine,DET,184,25,47,5,0,2,15,10,5,11,46,.255,.307,.315,.622,1.6
30,309,Yasiel Puig,LAD,282,30,72,12,3,11,38,3,3,26,66,.255,.322,.436,.758,1.1
31,310,Todd Frazier,CIN,619,82,158,43,1,35,89,13,8,44,137,.255,.309,.498,.806,4.0
32,RK,PLAYER,TEAM,AB,R,H,2B,3B,HR,RBI,SB,CS,BB,SO,AVG,OBP,SLG,OPS,WAR
33,311,Carlos Gomez,MIL/HOU,435,61,111,29,1,12,56,17,9,31,101,.255,.314,.409,.724,2.3
34,312,Chris Johnson,CLE/ATL,243,18,62,11,0,3,18,2,1,10,74,.255,.286,.337,.624,-0.7
35,313,Mark Teixeira,NYY,392,57,100,22,0,31,79,2,0,59,85,.255,.357,.548,.906,3.8
36,,Chris Gimenez,TEX,98,19,25,6,1,5,14,2,0,10,19,.255,.330,.490,.820,0.7
37,315,Nicholas Castellanos,DET,549,42,140,33,6,15,73,0,3,39,152,.255,.303,.419,.721,0.5
38,316,Alex Rios,KC,385,40,98,22,2,4,32,9,0,15,67,.255,.287,.353,.640,-1.1
39,317,Mark Canha,OAK,441,61,112,22,3,16,70,7,2,33,96,.254,.315,.426,.742,1.1
40,318,Anthony Gose,DET,485,73,123,24,8,5,26,23,11,45,145,.254,.321,.367,.688,0.7
41,319,Wil Myers,SD,225,40,57,13,1,8,29,5,2,27,55,.253,.336,.427,.763,1.1
42,320,Hector Olivera,ATL,79,4,20,4,1,2,11,0,0,5,12,.253,.310,.405,.715,0.2
0,321,Efren Navarro,LAA,83,9,21,4,0,0,5,0,2,5,16,.253,.295,.301,.597,0.3
1,322,Josh Hamilton,TEX,170,22,43,8,0,8,25,0,0,10,52,.253,.291,.441,.732,0.4
2,323,Juan Uribe,ATL/LAD/NYM,360,40,91,17,0,14,43,2,0,34,80,.253,.320,.417,.737,1.7
3,324,Grady Sizemore,PHI/TB,273,24,69,17,0,6,33,3,3,20,60,.253,.307,.381,.688,-0.6
4,,Rusney Castillo,BOS,273,35,69,10,2,5,29,4,5,13,54,.253,.288,.359,.647,0.8
5,326,Matt den Dekker,WSH,99,12,25,6,1,5,12,0,1,9,20,.253,.315,.485,.800,0.6
6,327,Tucker Barnhart,CIN,242,23,61,9,0,3,18,0,1,25,45,.252,.324,.326,.650,0.1
7,328,Chris Young,NYY,318,53,80,20,1,14,42,3,1,30,73,.252,.320,.453,.773,1.1
8,329,Brandon Barnes,COL,255,30,64,13,2,2,17,4,2,21,67,.251,.314,.341,.655,-1.1
9,330,Billy Butler,OAK,538,63,135,28,1,15,65,0,0,52,101,.251,.323,.390,.713,-0.9
10,RK,PLAYER,TEAM,AB,R,H,2B,3B,HR,RBI,SB,CS,BB,SO,AVG,OBP,SLG,OPS,WAR
11,331,Justin Upton,SD,542,85,136,26,3,26,81,19,5,68,159,.251,.336,.454,.790,4.4
12,332,Derek Norris,SD,515,65,129,33,2,14,62,4,1,35,131,.250,.305,.404,.709,2.5
13,333,Alex Rodriguez,NYY,523,83,131,22,1,33,86,4,0,84,145,.250,.356,.486,.842,3.0
14,334,Jose Bautista,TOR,543,108,136,29,3,40,114,8,2,110,106,.250,.377,.536,.913,5.1
15,335,Jeremy Guthrie,KC,4,0,1,0,0,0,0,0,0,0,0,.250,.250,.250,.500,0.0
16,,Scott Kazmir,OAK/HOU,4,1,1,0,0,0,1,0,0,0,2,.250,.250,.250,.500,0.0
17,,Ubaldo Jimenez,BAL,8,0,2,0,0,0,2,0,0,0,4,.250,.250,.250,.500,0.0
18,,Dexter Fowler,CHC,596,102,149,29,8,17,46,20,7,84,154,.250,.346,.411,.757,2.2
19,,Adam Moore,CLE,4,0,1,0,0,0,1,0,0,0,2,.250,.250,.250,.500,-0.0
20,,Alex Presley,HOU,12,1,3,0,0,0,1,0,0,1,5,.250,.308,.250,.558,-0.1
21,RK,PLAYER,TEAM,AB,R,H,2B,3B,HR,RBI,SB,CS,BB,SO,AVG,OBP,SLG,OPS,WAR
22,,Chris Coghlan,CHC,440,64,110,25,6,16,41,11,2,58,94,.250,.341,.443,.784,1.9
23,,Tyson Ross,SD,56,6,14,1,1,1,6,0,0,2,19,.250,.283,.357,.640,0.7
24,,Carlos PÃ©rez,LAA,260,20,65,13,0,4,21,2,0,19,49,.250,.299,.346,.645,1.1
25,,Shane Robinson,MIN,180,28,45,7,3,0,16,6,1,12,29,.250,.299,.322,.621,0.3
26,,Jarrod Dyson,KC,200,31,50,8,6,2,18,26,3,14,37,.250,.311,.380,.691,2.2
27,,Ryan Goins,TOR,376,52,94,16,4,5,45,2,1,39,83,.250,.318,.354,.672,2.7
28,,Cole Figueroa,NYY,8,2,2,2,0,0,0,0,0,0,0,.250,.250,.500,.750,0.0
29,,Matt Hague,TOR,12,1,3,1,0,0,0,0,0,2,4,.250,.400,.333,.733,-0.1
30,,Abraham Almonte,CLE/SD,232,36,58,12,5,5,24,7,1,21,52,.250,.310,.409,.719,0.9
31,,Michael Blazek,MIL,4,0,1,1,0,0,1,0,0,0,2,.250,.250,.500,.750,0.1
32,RK,PLAYER,TEAM,AB,R,H,2B,3B,HR,RBI,SB,CS,BB,SO,AVG,OBP,SLG,OPS,WAR
33,,Nate Karns,TB,4,1,1,0,0,1,1,0,0,0,3,.250,.250,1.000,1.250,0.2
34,,Alex Dickerson,SD,8,0,2,0,0,0,0,0,0,0,3,.250,.250,.250,.500,-0.1
35,,Michael Lorenzen,CIN,36,4,9,0,1,0,4,0,0,0,13,.250,.270,.306,.576,0.4
36,,Pedro Severino,WSH,4,1,1,1,0,0,0,0,0,0,1,.250,.250,.500,.750,0.0
37,,Scott Schebler,LAD,36,6,9,0,0,3,4,2,1,3,13,.250,.325,.500,.825,0.4
38,,Buck Farmer,DET,4,0,1,0,0,0,0,0,0,0,3,.250,.250,.250,.500,0.0
39,,Jon Moscot,CIN,4,0,1,0,0,0,0,0,0,0,2,.250,.250,.250,.500,0.0
40,358,Hanley Ramirez,BOS,401,59,100,12,1,19,53,6,3,21,71,.249,.291,.426,.717,-1.3
41,359,Paulo Orlando,KC,241,31,60,14,6,7,27,3,3,5,53,.249,.269,.444,.713,1.0
42,360,Josh Phegley,OAK,225,27,56,16,1,9,34,0,0,14,51,.249,.300,.449,.749,1.6
0,361,Jackie Bradley Jr.,BOS,221,43,55,17,4,10,43,3,0,27,69,.249,.335,.498,.832,2.2
1,362,Alexei Ramirez,CHW,583,54,145,33,0,10,62,17,7,31,68,.249,.285,.357,.642,1.0
2,363,Ryan Zimmerman,WSH,346,43,86,25,1,16,73,1,0,33,79,.249,.308,.465,.773,0.7
3,364,Seth Smith,SEA,395,54,98,31,5,12,42,0,0,47,99,.248,.330,.443,.773,1.9
4,365,Justin Ruggiano,SEA/LAD,125,20,31,8,1,6,15,5,2,14,41,.248,.333,.472,.805,0.2
5,366,Miguel Montero,CHC,347,36,86,11,0,15,53,1,1,49,103,.248,.345,.409,.754,1.8
6,367,Khris Davis,MIL,392,54,97,16,2,27,66,6,2,44,122,.247,.323,.505,.828,0.8
7,368,Eric Sogard,OAK,372,40,92,12,3,1,37,6,1,23,50,.247,.294,.304,.598,0.8
8,369,Ryan Hanigan,BOS,174,28,43,8,0,2,16,0,0,20,39,.247,.337,.328,.664,0.7
9,370,Nolan Reimold,BAL,170,24,42,5,1,6,20,0,0,23,47,.247,.344,.394,.738,-0.1
10,RK,PLAYER,TEAM,AB,R,H,2B,3B,HR,RBI,SB,CS,BB,SO,AVG,OBP,SLG,OPS,WAR
11,371,Marlon Byrd,CIN/SF,506,58,125,25,5,23,73,2,1,29,145,.247,.290,.453,.743,1.4
12,372,Jedd Gyorko,SD,421,34,104,15,0,16,57,0,1,27,107,.247,.297,.397,.694,0.5
13,373,Madison Bumgarner,SF,77,9,19,2,0,5,9,0,0,3,27,.247,.275,.468,.743,1.1
14,374,Aramis Ramirez,MIL/PIT,475,43,117,31,1,17,75,1,0,31,68,.246,.297,.423,.720,-0.5
15,375,Lonnie Chisenhall,CLE,333,38,82,19,1,7,44,4,1,23,69,.246,.294,.372,.667,2.3
16,376,Kyle Schwarber,CHC,232,52,57,6,1,16,43,3,3,36,77,.246,.355,.487,.842,1.8
17,377,Dioner Navarro,TOR,171,17,42,7,0,5,20,0,0,17,29,.246,.307,.374,.682,0.7
18,,Mike Baxter,CHC,57,6,14,1,0,0,2,0,0,7,14,.246,.348,.263,.612,-0.0
19,379,Evan Gattis,HOU,566,66,139,20,11,27,88,0,1,30,119,.246,.285,.463,.748,0.5
20,380,Sean Rodriguez,PIT,224,25,55,12,1,4,17,2,2,5,63,.246,.281,.362,.642,-0.1
21,RK,PLAYER,TEAM,AB,R,H,2B,3B,HR,RBI,SB,CS,BB,SO,AVG,OBP,SLG,OPS,WAR
22,381,Victor Martinez,DET,440,39,108,20,0,11,64,0,0,31,52,.245,.301,.366,.667,-1.6
23,382,Cristhian Adames,COL,53,4,13,1,1,0,3,0,1,3,11,.245,.298,.302,.600,0.3
24,383,Cody Asche,PHI,425,41,104,22,3,12,39,1,2,26,111,.245,.294,.395,.689,-1.1
25,384,Pablo Sandoval,BOS,470,43,115,25,1,10,47,0,0,25,73,.245,.292,.366,.658,-0.9
26,385,Trevor Plouffe,MIN,573,74,140,35,4,22,86,2,1,50,124,.244,.307,.435,.742,2.5
27,386,Albert Pujols,LAA,602,85,147,22,0,40,95,5,3,50,72,.244,.307,.480,.787,3.1
28,387,Lucas Duda,NYM,471,67,115,33,0,27,73,0,2,66,138,.244,.352,.486,.838,3.0
29,388,Ivan De Jesus Jr.,CIN,201,15,49,10,2,4,28,0,2,19,55,.244,.311,.373,.684,-0.6
30,389,Jordy Mercer,PIT,394,34,96,21,0,3,34,3,2,27,73,.244,.293,.320,.613,0.3
31,390,Will Venable,TEX/SD,349,40,85,13,3,6,33,16,1,37,94,.244,.320,.350,.669,0.3
32,RK,PLAYER,TEAM,AB,R,H,2B,3B,HR,RBI,SB,CS,BB,SO,AVG,OBP,SLG,OPS,WAR
33,391,Hernan Perez,DET/MIL,263,14,64,15,2,1,21,5,1,5,59,.243,.257,.327,.584,-0.5
34,392,Preston Tucker,HOU,300,35,73,19,0,13,33,0,2,20,68,.243,.297,.437,.734,0.3
35,393,Pedro Alvarez,PIT,437,60,106,18,0,27,77,2,0,48,131,.243,.318,.469,.787,0.1
36,394,Jordan Pacheco,ARI,66,8,16,0,0,2,8,1,0,9,14,.242,.333,.333,.667,-0.2
37,395,Elian Herrera,MIL,256,29,62,18,0,7,33,3,1,18,72,.242,.290,.395,.684,0.2
38,396,Addison Russell,CHC,475,60,115,29,1,13,54,4,3,42,149,.242,.307,.389,.696,3.4
39,397,Skip Schumaker,CIN,244,23,59,20,0,1,21,2,2,23,51,.242,.306,.336,.642,-0.8
40,398,Dariel Alvarez,BAL,29,3,7,1,0,1,1,0,0,2,8,.241,.290,.379,.670,-0.0
41,399,Aaron Altherr,PHI,137,25,33,11,4,5,22,6,2,16,41,.241,.338,.489,.827,1.7
42,400,Russell Martin,TOR,441,76,106,23,2,23,77,4,5,53,106,.240,.329,.458,.787,3.3
0,401,Kurt Suzuki,MIN,433,36,104,17,0,5,50,0,0,29,59,.240,.296,.314,.610,0.4
1,402,Matt Adams,STL,175,14,42,9,0,5,24,1,0,10,41,.240,.280,.377,.657,0.3
2,,Greg Garcia,STL,75,7,18,5,0,2,4,0,0,10,12,.240,.337,.387,.724,0.7
3,,Kennys Vargas,MIN,175,18,42,4,0,5,17,0,0,9,54,.240,.277,.349,.626,-0.7
4,405,Torii Hunter,MIN,521,67,125,22,0,22,81,2,5,35,105,.240,.293,.409,.702,-0.8
5,406,Jason Bourgeois,CIN,196,28,47,5,2,3,14,3,1,14,33,.240,.294,.332,.625,-0.5
6,407,Danny Espinosa,WSH,367,59,88,21,1,13,37,5,2,33,106,.240,.311,.409,.719,1.8
7,408,Daniel Castro,ATL,96,14,23,2,1,2,5,0,0,3,15,.240,.263,.344,.606,0.6
8,409,Scott Van Slyke,LAD,222,19,53,14,0,6,30,3,1,23,62,.239,.317,.383,.700,1.3
9,410,Tyler Flowers,CHW,331,21,79,12,0,9,39,0,1,21,104,.239,.295,.356,.652,0.8
10,RK,PLAYER,TEAM,AB,R,H,2B,3B,HR,RBI,SB,CS,BB,SO,AVG,OBP,SLG,OPS,WAR
11,411,Jace Peterson,ATL,528,55,126,23,5,6,52,12,10,56,120,.239,.314,.335,.649,0.5
12,412,Colby Rasmus,HOU,432,67,103,23,2,25,61,2,1,47,154,.238,.314,.475,.789,2.6
13,413,Michael Bourn,CLE/ATL,425,39,101,15,2,0,30,17,7,46,107,.238,.310,.282,.592,0.2
14,414,Curt Casali,TB,101,13,24,6,0,10,18,0,0,8,34,.238,.304,.594,.898,1.0
15,415,A.J. Ellis,LAD,181,24,43,9,0,7,21,0,0,32,38,.238,.355,.403,.758,1.6
16,416,Domingo Santana,MIL/HOU,160,20,38,7,0,8,26,4,1,20,63,.238,.337,.431,.768,0.4
17,417,Welington Castillo,SEA/CHC/ARI,342,42,81,15,1,19,57,0,0,25,92,.237,.296,.453,.750,1.1
18,418,Jake Marisnick,HOU,339,46,80,15,4,9,36,24,9,18,105,.236,.281,.383,.665,2.2
19,419,Jerry Sands,CLE,123,11,29,5,1,4,19,0,0,9,36,.236,.286,.390,.676,-0.3
20,420,Brian Dozier,MIN,628,101,148,39,4,28,77,12,4,61,148,.236,.307,.444,.751,2.4
21,RK,PLAYER,TEAM,AB,R,H,2B,3B,HR,RBI,SB,CS,BB,SO,AVG,OBP,SLG,OPS,WAR
22,421,Dixon Machado,DET,68,6,16,3,0,0,5,1,0,7,14,.235,.307,.279,.586,0.1
23,,Tyler Ladendorf,OAK,17,3,4,0,1,0,2,0,0,1,2,.235,.278,.353,.631,0.2
24,423,Darin Ruf,PHI,268,30,63,12,0,12,39,1,0,21,69,.235,.300,.414,.714,-0.6
25,424,Alberto Callaspo,ATL/LAD,230,20,54,7,0,1,15,0,0,28,34,.235,.315,.278,.594,-0.8
26,425,Caleb Joseph,BAL,320,38,75,16,1,11,49,0,0,27,72,.234,.299,.394,.693,2.2
27,426,Yasmani Grandal,LAD,355,43,83,12,0,16,47,0,1,65,92,.234,.353,.403,.756,1.4
28,427,Cameron Rupp,PHI,270,24,63,9,1,9,28,0,1,24,71,.233,.301,.374,.675,1.0
29,428,Ian Desmond,WSH,583,69,136,27,2,19,62,13,5,45,187,.233,.290,.384,.674,2.0
30,429,Alex Guerrero,LAD,219,25,51,9,1,11,36,1,0,7,57,.233,.261,.434,.695,-0.2
31,430,David DeJesus,LAA/TB,288,27,67,9,2,5,30,3,2,21,52,.233,.297,.330,.626,-0.0
32,RK,PLAYER,TEAM,AB,R,H,2B,3B,HR,RBI,SB,CS,BB,SO,AVG,OBP,SLG,OPS,WAR
33,431,Brian McCann,NYY,465,68,108,15,1,26,94,0,0,52,97,.232,.320,.437,.756,2.7
34,432,Travis Snider,BAL/PIT,237,24,55,12,2,4,28,1,0,26,66,.232,.313,.350,.663,0.8
35,433,Clint Barmes,SD,207,24,48,14,1,3,16,0,1,10,55,.232,.281,.353,.633,0.3
36,434,Robinson Chirinos,TEX,233,33,54,16,1,10,34,0,0,28,62,.232,.325,.438,.762,1.8
37,435,Michael Morse,PIT/MIA,229,14,53,7,1,5,19,0,0,23,76,.231,.313,.336,.649,-0.3
38,436,Yan Gomes,CLE,363,38,84,22,0,12,45,0,0,13,104,.231,.267,.391,.659,0.8
39,437,Dustin Ackley,NYY/SEA,238,28,55,11,3,10,30,2,2,18,45,.231,.284,.429,.712,-0.9
40,438,Mike Aviles,CLE,290,37,67,10,0,5,17,3,1,20,38,.231,.282,.317,.599,-1.3
41,439,Carlos Santana,CLE,550,72,127,29,2,19,85,11,3,108,122,.231,.357,.395,.752,1.1
42,440,Kyle Lohse,MIL,39,3,9,1,0,0,1,0,0,0,10,.231,.231,.256,.487,0.3
0,441,Trevor Brown,SF,39,1,9,3,0,0,5,1,1,3,8,.231,.279,.308,.587,-0.2
1,442,Mark Reynolds,STL,382,35,88,21,2,13,48,2,3,44,121,.230,.315,.398,.713,-0.6
2,443,Shane Victorino,BOS/LAA,178,19,41,4,2,1,7,7,0,16,32,.230,.308,.292,.601,0.2
3,444,Jonathan Herrera,CHC,126,14,29,5,1,2,14,3,0,2,23,.230,.242,.333,.576,-0.4
4,445,Aaron Hill,ARI,313,32,72,18,0,6,39,7,2,31,54,.230,.295,.345,.640,-0.3
5,446,Micah Johnson,CHW,100,10,23,4,0,0,4,3,2,9,30,.230,.306,.270,.576,-0.9
6,447,Jose Pirela,NYY,74,7,17,3,0,1,5,1,0,2,16,.230,.247,.311,.558,-0.6
7,448,Wilson Ramos,WSH,475,41,109,16,0,15,68,0,0,21,101,.229,.258,.358,.616,0.8
8,449,Brendan Ryan,NYY,96,10,22,6,2,0,8,0,0,5,29,.229,.275,.333,.608,-0.2
9,450,Ryan Howard,PHI,467,53,107,29,1,23,77,0,0,27,138,.229,.277,.443,.720,-1.4
10,RK,PLAYER,TEAM,AB,R,H,2B,3B,HR,RBI,SB,CS,BB,SO,AVG,OBP,SLG,OPS,WAR
11,451,Ike Davis,OAK,214,19,49,17,0,3,20,0,0,23,44,.229,.301,.350,.652,-0.4
12,452,Hank Conger,HOU,201,25,46,11,0,11,33,0,1,23,63,.229,.311,.448,.759,0.4
13,453,Michael Taylor,WSH,472,49,108,15,2,14,63,16,3,35,158,.229,.282,.358,.640,0.0
14,454,Ichiro Suzuki,MIA,398,45,91,5,6,1,21,11,5,31,51,.229,.282,.279,.561,-1.2
15,455,Roberto Perez,CLE,184,30,42,9,1,7,21,0,0,33,64,.228,.348,.402,.751,1.4
16,456,Adam Rosales,TEX,114,14,26,4,0,3,7,4,4,10,30,.228,.296,.342,.638,-0.1
17,457,Conor Gillaspie,LAA/CHW,237,14,54,15,2,4,24,0,1,13,47,.228,.269,.359,.627,-1.0
18,458,Domonic Brown,PHI,189,19,43,6,1,5,25,3,1,14,36,.228,.284,.349,.634,-0.1
19,459,Reed Johnson,WSH,22,0,5,1,0,0,3,0,0,0,6,.227,.250,.273,.523,-0.3
20,,Eric Fryer,MIN,22,2,5,2,0,0,2,0,0,5,11,.227,.370,.318,.689,0.2
21,RK,PLAYER,TEAM,AB,R,H,2B,3B,HR,RBI,SB,CS,BB,SO,AVG,OBP,SLG,OPS,WAR
22,461,Chris Owings,ARI,515,59,117,27,5,4,43,16,4,26,144,.227,.264,.322,.587,-0.8
23,462,Deven Marrero,BOS,53,8,12,0,0,1,3,2,1,3,19,.226,.268,.283,.551,-0.4
24,463,Justin Smoak,TOR,296,44,67,16,1,18,59,0,0,29,86,.226,.299,.470,.768,1.3
25,464,Brandon Moss,CLE/STL,469,47,106,24,2,19,58,0,1,49,148,.226,.304,.407,.711,-0.5
26,465,Jay Bruce,CIN,580,72,131,35,4,26,87,9,5,58,145,.226,.294,.434,.729,0.8
27,466,Doug Fister,WSH,31,2,7,1,0,0,0,0,0,2,15,.226,.273,.258,.531,0.3
28,467,Billy Hamilton,CIN,412,56,93,8,3,4,28,57,8,28,75,.226,.274,.289,.563,1.0
29,468,Nick Ahmed,ARI,421,49,95,17,6,9,34,4,5,29,81,.226,.275,.359,.634,2.5
30,469,Logan Morrison,SEA,457,47,103,15,3,17,54,8,4,47,81,.225,.302,.383,.685,-0.1
31,470,Steven Souza Jr.,TB,373,59,84,15,1,16,40,12,6,46,144,.225,.318,.399,.717,1.0
32,RK,PLAYER,TEAM,AB,R,H,2B,3B,HR,RBI,SB,CS,BB,SO,AVG,OBP,SLG,OPS,WAR
33,471,Jarrod Saltalamacchia,MIA/ARI,200,26,45,15,0,9,24,0,0,23,69,.225,.310,.435,.745,0.5
34,,Trea Turner,WSH,40,5,9,1,0,1,1,2,2,4,12,.225,.295,.325,.620,0.3
35,473,Gio Urshela,CLE,267,25,60,8,1,6,21,0,1,18,58,.225,.279,.330,.608,-0.1
36,474,Tyler Saladino,CHW,236,33,53,6,4,4,20,8,2,12,51,.225,.267,.335,.602,1.3
37,475,Jimmy Rollins,LAD,517,71,116,24,3,13,41,12,8,44,86,.224,.285,.358,.643,-0.1
38,476,Zack Greinke,LAD,67,8,15,2,0,2,3,1,0,1,14,.224,.232,.343,.575,0.6
39,477,Yolmer Sanchez,CHW,389,40,87,23,1,5,31,2,2,19,81,.224,.268,.326,.595,0.7
40,478,Mike Napoli,BOS/TEX,407,46,91,20,1,18,50,3,3,57,118,.224,.324,.410,.734,1.1
41,479,Luis Valbuena,HOU,434,62,97,18,0,25,56,1,0,50,106,.224,.310,.438,.748,2.1
42,480,Dalton Pompey,TOR,94,17,21,8,0,2,6,5,1,7,23,.223,.291,.372,.664,0.7
0,481,Jesus Montero,SEA,112,11,25,6,0,5,19,0,0,4,32,.223,.250,.411,.661,-0.3
1,482,Corey Hart,PIT,54,3,12,1,0,2,9,0,0,1,19,.222,.246,.352,.597,-0.5
2,,Matt Szczur,CHC,72,5,16,5,0,1,8,2,0,6,15,.222,.278,.333,.612,-0.5
3,,Adam Conley,MIA,18,0,4,0,0,0,1,0,0,0,8,.222,.222,.222,.444,0.1
4,,Hanser Alberto,TEX,99,12,22,2,1,0,4,1,0,2,17,.222,.238,.263,.500,0.8
5,,Colin Rea,SD,9,2,2,1,0,0,0,0,0,1,4,.222,.300,.333,.633,0.1
6,,Josh Smith,CIN,9,1,2,0,1,0,0,0,0,0,4,.222,.222,.444,.667,0.1
7,488,Jed Lowrie,HOU,230,35,51,14,0,9,30,1,0,28,43,.222,.312,.400,.712,1.0
8,489,Tim Beckham,TB,203,24,45,7,4,9,37,3,1,13,69,.222,.274,.429,.702,-0.1
9,490,Logan Schafer,MIL,122,17,27,6,1,1,6,1,0,12,29,.221,.299,.311,.611,-0.5
10,RK,PLAYER,TEAM,AB,R,H,2B,3B,HR,RBI,SB,CS,BB,SO,AVG,OBP,SLG,OPS,WAR
11,491,Todd Cunningham,ATL,86,13,19,4,0,0,4,2,1,5,17,.221,.280,.267,.547,0.3
12,492,Jayson Werth,WSH,331,51,73,16,1,12,42,0,1,38,84,.221,.302,.384,.685,-1.6
13,493,Omar Infante,KC,440,39,97,23,7,2,44,2,2,9,69,.220,.234,.318,.552,-0.8
14,494,Jeremy Hellickson,ARI,41,3,9,0,0,0,7,0,0,2,14,.220,.283,.220,.502,0.3
15,495,Geovany Soto,CHW,187,20,41,8,0,9,21,0,1,21,63,.219,.301,.406,.708,1.0
16,496,Jose Ramirez,CLE,315,50,69,14,3,6,27,10,4,32,39,.219,.291,.340,.631,1.4
17,497,J.J. Hardy,BAL,411,45,90,14,0,8,37,0,0,20,88,.219,.253,.311,.564,0.0
18,498,Kevin Plawecki,NYM,233,18,51,9,0,3,21,0,0,17,60,.219,.280,.296,.576,0.9
19,499,Leonys Martin,TEX,288,26,63,12,0,5,25,14,5,16,69,.219,.264,.313,.576,1.1
20,,Ramon Flores,NYY,32,3,7,1,0,0,0,0,0,0,4,.219,.219,.250,.469,0.0
21,RK,PLAYER,TEAM,AB,R,H,2B,3B,HR,RBI,SB,CS,BB,SO,AVG,OBP,SLG,OPS,WAR
22,,Adam Duvall,CIN,64,6,14,2,0,5,9,0,0,6,26,.219,.306,.484,.790,0.1
23,,Mac Williamson,SF,32,2,7,0,1,0,1,0,0,0,8,.219,.235,.281,.517,-0.3
24,503,Andrew Susac,SF,133,14,29,7,2,3,14,0,0,14,43,.218,.297,.368,.666,0.1
25,504,Steve Pearce,BAL,294,42,64,13,1,15,40,1,1,23,69,.218,.289,.422,.711,-0.4
26,505,Jordan Schafer,MIN,69,9,15,3,0,0,5,0,3,3,23,.217,.250,.261,.511,-0.6
27,,Max Scherzer,WSH,69,4,15,0,0,0,0,0,0,2,23,.217,.239,.217,.457,0.5
28,,Cheslor Cuthbert,KC,46,6,10,2,1,1,8,0,0,4,9,.217,.280,.370,.650,0.3
29,,Chris Rusin,COL,46,5,10,0,0,1,4,0,0,0,7,.217,.217,.283,.500,0.2
30,509,Chris Parmelee,BAL,97,11,21,7,1,4,9,0,1,4,26,.216,.255,.433,.688,-0.1
31,510,Garrett Jones,NYY,144,12,31,4,1,5,17,0,0,8,37,.215,.257,.361,.618,-0.7
32,RK,PLAYER,TEAM,AB,R,H,2B,3B,HR,RBI,SB,CS,BB,SO,AVG,OBP,SLG,OPS,WAR
33,511,Danny Santana,MIN,261,30,56,10,5,0,21,8,4,6,68,.215,.241,.291,.532,-2.2
34,512,Leury Garcia,CHW,14,0,3,0,0,0,1,1,0,1,7,.214,.267,.214,.481,-0.1
35,,Joey Terdoslavich,ATL,56,5,12,4,1,1,4,0,0,3,14,.214,.254,.375,.629,0.1
36,,Jaff Decker,PIT,28,8,6,1,1,0,1,0,0,7,9,.214,.371,.321,.693,-0.2
37,,Munenori Kawasaki,TOR,28,6,6,2,0,0,2,0,1,4,6,.214,.313,.286,.598,0.2
38,,Brandon Drury,ARI,56,3,12,3,0,2,8,0,0,2,8,.214,.254,.375,.629,-0.2
39,517,Jonny Gomes,KC/ATL,225,29,48,9,0,7,26,1,1,31,81,.213,.313,.347,.660,-0.8
40,518,Jefry Marte,DET,80,9,17,4,0,4,11,0,0,8,22,.213,.284,.413,.697,-0.1
41,519,Chase Utley,LAD/PHI,373,37,79,21,2,8,39,4,0,32,64,.212,.286,.343,.629,0.4
42,520,Will Middlebrooks,SD,255,23,54,7,2,9,29,2,1,11,60,.212,.241,.361,.602,-1.1
0,521,Carlos Ruiz,PHI,284,23,60,13,1,2,22,1,1,28,43,.211,.290,.285,.575,-0.8
1,522,Travis Jankowski,SD,90,9,19,2,2,2,12,2,1,4,24,.211,.245,.344,.589,0.1
2,,Dilson Herrera,NYM,90,7,19,3,1,3,6,2,0,11,23,.211,.311,.367,.677,-0.0
3,524,Tuffy Gosewisch,ARI,128,9,27,6,0,1,13,2,1,8,23,.211,.261,.281,.542,0.5
4,525,Jason Castro,HOU,337,38,71,19,0,11,31,0,0,33,115,.211,.283,.365,.648,1.3
5,526,Joc Pederson,LAD,480,67,101,19,1,26,54,4,7,92,170,.210,.346,.417,.763,2.3
6,527,Martin Maldonado,MIL,229,19,48,7,0,4,22,0,1,23,65,.210,.282,.293,.575,0.2
7,528,Cliff Pennington,TOR/ARI,210,24,44,6,0,3,21,3,0,27,49,.210,.298,.281,.578,0.2
8,,Jon Jay,STL,210,25,44,5,1,1,10,0,2,19,36,.210,.306,.257,.563,-0.2
9,530,Noah Syndergaard,NYM,43,2,9,1,0,1,4,0,0,1,26,.209,.227,.302,.530,0.4
10,RK,PLAYER,TEAM,AB,R,H,2B,3B,HR,RBI,SB,CS,BB,SO,AVG,OBP,SLG,OPS,WAR
11,,Byron Buxton,MIN,129,16,27,7,1,2,6,2,2,6,44,.209,.250,.326,.576,0.2
12,532,Justin Maxwell,SF,249,26,52,8,2,7,26,2,1,20,76,.209,.275,.341,.616,0.1
13,533,Gordon Beckham,CHW,211,24,44,8,0,6,20,0,1,19,43,.209,.275,.332,.607,0.7
14,534,Jeff Baker,MIA,72,11,15,3,0,3,8,0,0,8,25,.208,.288,.375,.663,-0.1
15,,Everth Cabrera,BAL,96,7,20,2,0,0,4,2,0,5,22,.208,.250,.229,.479,-0.9
16,536,Adam LaRoche,CHW,429,41,89,21,0,12,44,0,0,49,133,.207,.293,.340,.634,-0.8
17,537,Joaquin Arias,SF,58,5,12,1,0,1,4,1,0,0,12,.207,.207,.276,.483,0.0
18,,Austin Barnes,LAD,29,4,6,2,0,0,1,1,0,6,6,.207,.361,.276,.637,0.1
19,539,Travis Ishikawa,PIT/SF,63,6,13,3,0,1,8,0,0,9,20,.206,.306,.302,.607,-0.4
20,540,Darrell Ceciliani,NYM,68,5,14,2,0,1,3,5,1,4,25,.206,.270,.279,.550,0.7
21,RK,PLAYER,TEAM,AB,R,H,2B,3B,HR,RBI,SB,CS,BB,SO,AVG,OBP,SLG,OPS,WAR
22,,Max Muncy,OAK,102,14,21,8,1,3,9,0,0,9,31,.206,.268,.392,.660,-0.1
23,542,Jake Elmore,TB,141,10,29,5,0,2,16,1,1,12,25,.206,.263,.284,.547,-0.8
24,543,Daniel Descalso,COL,185,22,38,3,2,5,22,1,2,20,45,.205,.283,.324,.607,-0.6
25,544,Michael McKenry,COL,127,20,26,7,3,4,17,2,2,22,41,.205,.329,.402,.731,-0.2
26,545,Tony Cruz,STL,142,6,29,7,1,2,11,0,0,6,32,.204,.235,.310,.545,-0.8
27,546,Josh Thole,TOR,49,5,10,2,0,0,2,0,0,3,9,.204,.250,.245,.495,-0.4
28,547,Alexi Amarista,SD,324,28,66,10,4,3,30,5,1,24,55,.204,.257,.287,.544,-0.5
29,,Joey Gallo,TEX,108,16,22,3,1,6,14,3,0,15,57,.204,.301,.417,.717,0.4
30,549,Tyler Moore,WSH,187,14,38,12,0,6,27,0,0,11,45,.203,.250,.364,.614,-1.5
31,550,Ryan Flaherty,BAL,267,34,54,8,3,9,31,0,0,26,81,.202,.281,.356,.637,-0.4
32,RK,PLAYER,TEAM,AB,R,H,2B,3B,HR,RBI,SB,CS,BB,SO,AVG,OBP,SLG,OPS,WAR
33,551,David Lough,BAL,134,14,27,1,1,4,12,2,4,5,36,.201,.241,.313,.555,0.1
34,552,Stephen Drew,NYY,383,43,77,16,1,17,44,0,2,37,71,.201,.271,.381,.652,0.4
35,553,Doug Bernier,MIN,5,1,1,1,0,0,2,0,0,1,3,.200,.333,.400,.733,0.0
36,,Taylor Teagarden,CHC,15,0,3,0,0,0,2,0,0,0,4,.200,.200,.200,.400,-0.2
37,,Peter Bourjos,STL,195,32,39,8,3,4,13,5,8,19,59,.200,.290,.333,.623,-0.7
38,,Jackson Williams,SF,10,1,2,1,0,0,1,1,0,4,1,.200,.429,.300,.729,0.1
39,,Junior Lake,BAL/CHC,80,4,16,7,0,1,5,4,0,4,29,.200,.238,.325,.563,-0.8
40,,Hector Santiago,LAA,5,0,1,0,0,0,0,0,0,0,3,.200,.200,.200,.400,-0.0
41,,Kyle Gibson,MIN,5,0,1,0,0,0,0,0,0,0,2,.200,.200,.200,.400,0.0
42,,Ryan Strausborger,TEX,45,9,9,0,0,1,3,2,1,3,11,.200,.240,.267,.507,-0.6
0,561,Christian Bethancourt,ATL,155,16,31,8,0,2,12,1,1,5,33,.200,.225,.290,.515,-0.1
1,,Dallas Keuchel,HOU,5,0,1,0,0,0,0,0,0,0,4,.200,.200,.200,.400,0.0
2,,Joe Kelly,BOS,5,0,1,0,0,0,1,0,0,0,2,.200,.200,.200,.400,0.0
3,,David Buchanan,PHI,20,2,4,1,0,0,1,0,0,2,8,.200,.273,.250,.523,0.2
4,565,Chris Carter,HOU,391,50,78,17,0,24,64,1,2,57,151,.199,.307,.427,.734,-0.1
5,566,Jose Lobaton,WSH,136,11,27,4,0,3,20,0,0,15,40,.199,.279,.294,.573,-0.6
6,567,Casey McGehee,SF/MIA,237,14,47,12,0,2,20,1,1,21,50,.198,.264,.274,.538,-1.2
7,568,Sam Fuld,OAK,290,34,57,16,3,2,22,9,3,30,55,.197,.276,.293,.569,0.9
8,569,Eric Campbell,NYM,173,28,34,8,0,3,19,5,3,26,37,.197,.312,.295,.607,-0.5
9,570,Nick Swisher,CLE/ATL,219,14,43,9,0,6,25,0,0,35,54,.196,.312,.320,.631,-1.2
10,RK,PLAYER,TEAM,AB,R,H,2B,3B,HR,RBI,SB,CS,BB,SO,AVG,OBP,SLG,OPS,WAR
11,571,Drew Butera,LAA/KC,107,9,21,3,0,1,5,0,1,6,26,.196,.252,.252,.505,-0.3
12,572,Chris Heston,SF,51,1,10,2,0,0,3,0,0,0,18,.196,.196,.235,.431,0.1
13,573,Luis Sardinas,MIL,97,8,19,0,1,0,4,0,0,6,25,.196,.240,.216,.457,-0.4
14,574,Kirk Nieuwenhuis,LAA/NYM,128,21,25,11,0,4,14,2,2,10,49,.195,.270,.375,.645,0.7
15,575,Drew Stubbs,TEX/COL,123,20,24,4,2,5,10,5,1,14,60,.195,.283,.382,.665,0.0
16,,Tommy Field,TEX,41,6,8,1,0,2,5,1,0,2,16,.195,.250,.366,.616,-0.1
17,577,Jake Peavy,SF,36,5,7,2,0,1,3,0,0,1,17,.194,.216,.333,.550,0.4
18,,Kyle Kubitza,LAA,36,6,7,0,0,0,1,0,0,3,15,.194,.256,.194,.451,-0.3
19,579,Daniel Nava,BOS/TB,139,13,27,4,0,1,10,1,0,20,36,.194,.315,.245,.560,-0.0
20,580,Michael Saunders,TOR,31,2,6,0,0,0,3,0,0,5,10,.194,.306,.194,.499,-0.1
21,RK,PLAYER,TEAM,AB,R,H,2B,3B,HR,RBI,SB,CS,BB,SO,AVG,OBP,SLG,OPS,WAR
22,581,Jake Smolinski,OAK/TEX,166,24,32,7,2,6,26,1,1,19,39,.193,.281,.367,.649,-0.0
23,,Ryan Rua,TEX,83,10,16,5,0,4,7,0,0,3,32,.193,.221,.398,.619,-0.2
24,583,Erik Kratz,KC/PHI,26,3,5,2,0,0,3,0,0,1,5,.192,.214,.269,.484,-0.1
25,584,Ryan Lavarnway,BAL/ATL,94,6,18,6,0,2,6,0,0,12,28,.191,.283,.319,.602,-0.1
26,,Jonathan Singleton,HOU,47,6,9,2,0,1,6,1,0,10,17,.191,.328,.298,.625,-0.2
27,,Mike Olt,CHW/CHC,94,7,18,0,0,4,5,0,1,7,35,.191,.255,.319,.574,-0.6
28,587,Alex Avila,DET,178,21,34,5,0,4,13,0,1,40,66,.191,.339,.287,.626,-0.1
29,588,Grant Green,LAA,42,6,8,0,0,1,3,0,1,2,14,.190,.227,.262,.489,-0.6
30,,Stefen Romero,SEA,21,6,4,1,0,1,3,0,0,3,6,.190,.292,.381,.673,-0.1
31,590,Bobby Wilson,TEX/TB,132,8,25,5,0,1,14,0,1,11,39,.189,.255,.250,.505,-0.2
32,RK,PLAYER,TEAM,AB,R,H,2B,3B,HR,RBI,SB,CS,BB,SO,AVG,OBP,SLG,OPS,WAR
33,591,Richie Shaffer,TB,74,11,14,3,0,4,6,0,1,10,32,.189,.307,.392,.699,-0.1
34,592,Donovan Solano,MIA,90,6,17,3,1,0,7,0,0,1,18,.189,.215,.244,.459,-0.5
35,593,Collin Cowgill,LAA,69,10,13,2,1,1,2,2,1,4,19,.188,.233,.290,.523,0.4
36,594,Jason Marquis,CIN,16,2,3,1,0,0,1,0,0,0,4,.188,.188,.250,.438,0.1
37,,Chris Iannetta,LAA,272,28,51,10,0,10,34,0,1,41,83,.188,.293,.335,.628,0.7
38,,Tyler Lyons,STL,16,3,3,0,0,0,1,0,0,2,4,.188,.278,.188,.465,0.2
39,597,Carlos Peguero,BOS/TEX,75,11,14,4,0,4,9,2,0,13,37,.187,.311,.400,.711,0.4
40,598,Jacob deGrom,NYM,59,3,11,1,0,0,4,0,0,3,16,.186,.226,.203,.429,0.3
41,599,Kyle Kendrick,COL,43,6,8,2,0,1,2,0,0,3,16,.186,.239,.302,.541,0.3
42,600,Ehire Adrianza,SF,113,11,21,7,1,0,11,3,2,15,20,.186,.303,.265,.569,-0.0
0,601,Josh Collmenter,ARI,27,2,5,0,0,0,1,0,0,3,9,.185,.267,.185,.452,0.1
1,,Tanner Roark,WSH,27,1,5,2,0,0,0,0,0,0,9,.185,.185,.259,.444,0.1
2,603,Tim Hudson,SF,38,3,7,2,0,1,1,0,0,1,11,.184,.205,.316,.521,0.3
3,,Sandy Leon,BOS,114,8,21,2,0,0,3,0,1,7,28,.184,.238,.202,.439,-0.3
4,605,Dan Uggla,WSH,120,12,22,4,2,2,16,0,1,19,40,.183,.298,.300,.598,-0.5
5,606,Kevin Frandsen,SF,11,1,2,0,0,0,0,0,0,1,3,.182,.250,.182,.432,-0.0
6,,Chris Heisey,LAD,55,8,10,2,0,2,9,0,1,15,17,.182,.347,.327,.674,0.1
7,,Steven Moya,DET,22,1,4,0,1,0,0,0,0,3,10,.182,.280,.273,.553,-0.0
8,,Jose Peraza,LAD,22,3,4,1,1,0,1,3,0,2,2,.182,.250,.318,.568,-0.2
9,,Wilmer Difo,WSH,11,1,2,0,0,0,0,0,0,0,2,.182,.182,.182,.364,-0.2
10,RK,PLAYER,TEAM,AB,R,H,2B,3B,HR,RBI,SB,CS,BB,SO,AVG,OBP,SLG,OPS,WAR
11,611,Hector Gomez,MIL,127,15,23,11,2,1,7,0,0,3,40,.181,.212,.323,.535,-0.2
12,612,Kyle Parker,COL,106,10,19,3,1,3,11,1,0,6,37,.179,.223,.311,.535,-1.2
13,613,Hector Sanchez,SF,56,5,10,4,0,1,5,0,0,2,14,.179,.207,.304,.510,-0.4
14,614,Rene Rivera,TB,298,16,53,14,0,5,26,0,0,11,86,.178,.213,.275,.489,-2.0
15,615,Devin Mesoraco,CIN,45,2,8,1,1,0,2,1,0,5,9,.178,.275,.244,.519,-0.3
16,616,Carlos Corporan,TEX,107,10,19,4,0,3,15,0,0,6,40,.178,.244,.299,.543,-0.5
17,617,Chase d'Arnaud,PHI,17,2,3,0,1,0,0,0,1,1,7,.176,.222,.294,.516,-0.2
18,,Vance Worley,PIT,17,1,3,1,0,0,0,0,0,0,6,.176,.176,.235,.412,0.1
19,,Darnell Sweeney,PHI,85,9,15,4,1,3,11,0,2,13,27,.176,.286,.353,.639,-0.5
20,620,David Ross,CHC,159,6,28,9,0,1,9,1,0,20,61,.176,.267,.252,.518,-0.1
21,RK,PLAYER,TEAM,AB,R,H,2B,3B,HR,RBI,SB,CS,BB,SO,AVG,OBP,SLG,OPS,WAR
22,621,Coco Crisp,OAK,126,11,22,6,0,0,6,2,0,13,25,.175,.252,.222,.474,-0.7
23,622,Mike Zunino,SEA,350,28,61,11,0,11,28,0,1,21,132,.174,.230,.300,.530,-0.7
24,623,Matt Joyce,LAA,247,17,43,12,1,5,21,0,3,30,67,.174,.272,.291,.564,-1.0
25,624,Kaleb Cowart,LAA,46,8,8,2,0,1,4,1,1,5,19,.174,.255,.283,.538,-0.1
26,625,Jon Niese,NYM,52,5,9,1,0,0,4,0,0,5,18,.173,.246,.192,.438,0.5
27,626,Luke Maile,TB,35,2,6,3,0,0,2,0,0,0,8,.171,.171,.257,.429,-0.2
28,627,Chris Taylor,SEA,94,9,16,3,1,0,1,3,2,6,31,.170,.220,.223,.443,-0.8
29,628,Francisco Liriano,PIT,65,4,11,2,0,1,7,0,0,0,28,.169,.169,.246,.415,0.1
30,,Jason Hammel,CHC,65,6,11,1,0,0,4,0,0,1,18,.169,.179,.185,.364,0.1
31,630,Austin Hedges,SD,137,13,23,2,0,3,11,0,0,8,38,.168,.215,.248,.463,-0.2
32,RK,PLAYER,TEAM,AB,R,H,2B,3B,HR,RBI,SB,CS,BB,SO,AVG,OBP,SLG,OPS,WAR
33,631,Aaron Harang,PHI,48,4,8,1,0,0,0,0,0,1,18,.167,.184,.188,.371,0.2
34,,Kevin Correia,PHI,6,0,1,0,0,0,0,0,0,0,1,.167,.167,.167,.333,0.0
35,,Rickie Weeks,SEA,84,7,14,1,0,2,9,0,0,9,25,.167,.263,.250,.513,-0.8
36,,Cole Hamels,TEX/PHI,42,2,7,1,0,0,0,0,0,0,17,.167,.167,.190,.357,0.0
37,,Emilio Bonifacio,CHW,78,5,13,2,0,0,4,1,4,2,27,.167,.198,.192,.390,-0.8
38,,Gregorio Petit,NYY,42,7,7,3,0,0,5,0,0,3,16,.167,.217,.238,.455,-0.5
39,,Danny Dorn,ARI,30,0,5,1,0,0,3,0,0,2,10,.167,.219,.200,.419,-0.3
40,,Johnny Monell,NYM,48,5,8,2,0,0,4,0,0,4,13,.167,.231,.208,.439,-0.2
41,,Matt McBride,COL,42,5,7,0,0,0,0,0,0,0,4,.167,.186,.167,.353,-0.6
42,,Trevor Bauer,CLE,6,0,1,0,0,0,0,0,0,1,1,.167,.286,.167,.452,0.0
0,641,Sonny Gray,OAK,6,0,1,0,0,0,0,0,0,0,4,.167,.167,.167,.333,0.0
1,,Pedro Villarreal,CIN,6,0,1,1,0,0,2,0,0,0,3,.167,.167,.333,.500,0.1
2,,Ryan Lollis,SF,12,0,2,0,0,0,0,1,0,1,1,.167,.231,.167,.397,0.0
3,,Jose Fernandez,MIA,18,2,3,1,0,1,2,0,0,0,4,.167,.167,.389,.556,0.3
4,,Christian Bergman,COL,12,1,2,0,0,0,0,0,0,1,4,.167,.231,.167,.397,0.1
5,646,John Mayberry Jr.,NYM,110,8,18,6,1,3,9,1,0,9,33,.164,.227,.318,.545,-0.5
6,,Alex Wood,ATL/LAD,55,2,9,2,0,0,4,0,0,4,34,.164,.220,.200,.420,0.3
7,648,Taylor Featherston,LAA,154,23,25,5,1,2,9,4,2,7,46,.162,.212,.247,.459,0.5
8,649,Johnny Cueto,KC/CIN,37,1,6,0,0,0,0,0,0,1,10,.162,.184,.162,.346,0.0
9,650,Jeff Mathis,MIA,93,9,15,4,1,2,12,0,0,7,24,.161,.214,.290,.504,-0.5
10,RK,PLAYER,TEAM,AB,R,H,2B,3B,HR,RBI,SB,CS,BB,SO,AVG,OBP,SLG,OPS,WAR
11,,Oscar Hernandez,ARI,31,4,5,1,0,0,1,0,0,3,15,.161,.257,.194,.451,-0.3
12,652,Lance Lynn,STL,50,3,8,2,0,0,1,0,0,0,26,.160,.160,.200,.360,0.0
13,653,Willie Bloomquist,SEA,69,2,11,1,0,0,4,1,1,2,13,.159,.194,.174,.368,-0.4
14,654,Jordan Zimmermann,WSH,63,4,10,1,0,0,3,0,0,0,18,.159,.159,.175,.333,-0.1
15,655,Nick Franklin,TB,101,11,16,4,1,3,7,1,0,7,37,.158,.213,.307,.520,-0.8
16,656,Dan Johnson,STL,19,1,3,0,0,0,2,0,0,2,4,.158,.238,.158,.396,-0.3
17,,Tomas Telis,TEX/MIA,38,2,6,0,0,0,2,0,0,1,4,.158,.220,.158,.377,-0.1
18,658,Jesus Sucre,SEA,127,9,20,6,0,1,7,0,0,6,21,.157,.195,.228,.424,-0.3
19,659,Dustin Garneau,COL,70,6,11,3,0,2,8,0,0,6,14,.157,.224,.286,.509,-0.2
20,660,Brett Hayes,CLE,32,4,5,0,0,3,6,0,0,3,7,.156,.229,.438,.666,-0.2
21,RK,PLAYER,TEAM,AB,R,H,2B,3B,HR,RBI,SB,CS,BB,SO,AVG,OBP,SLG,OPS,WAR
22,661,Anthony DeSclafani,CIN,58,1,9,1,0,0,3,0,0,3,33,.155,.194,.172,.366,0.1
23,662,Michael Wacha,STL,52,5,8,1,0,0,4,1,0,4,20,.154,.214,.173,.387,0.2
24,,Jonathan Diaz,TOR,13,1,2,0,0,0,2,0,0,1,3,.154,.267,.154,.421,-0.1
25,664,Eric Young Jr.,ATL/NYM,85,16,13,4,2,0,5,6,2,6,18,.153,.217,.247,.464,-0.4
26,665,Jake Arrieta,CHC,79,5,12,1,1,2,2,0,0,1,45,.152,.163,.266,.428,0.3
27,,Allen Craig,BOS,79,6,12,1,0,1,3,0,0,7,26,.152,.239,.203,.441,-0.7
28,667,Pete Kozma,STL,99,15,15,0,0,0,2,3,1,10,21,.152,.236,.152,.388,-0.7
29,668,Gerrit Cole,PIT,60,5,9,0,0,0,2,0,0,2,28,.150,.177,.150,.327,0.2
30,669,Danny Muno,NYM,27,2,4,1,0,0,0,1,0,4,11,.148,.258,.185,.443,-0.4
31,670,Brennan Boesch,CIN,89,4,13,2,0,1,5,1,0,4,30,.146,.191,.202,.394,-1.3
32,RK,PLAYER,TEAM,AB,R,H,2B,3B,HR,RBI,SB,CS,BB,SO,AVG,OBP,SLG,OPS,WAR
33,671,Chris Herrmann,MIN,103,13,15,5,1,2,10,0,0,7,37,.146,.214,.272,.486,0.0
34,672,Mark Buehrle,TOR,7,0,1,0,0,0,0,0,0,1,3,.143,.250,.143,.393,0.0
35,,Tim Lincecum,SF,21,0,3,1,0,0,0,0,0,2,10,.143,.217,.190,.408,0.1
36,,Clayton Richard,CHC,14,1,2,2,0,0,3,0,0,1,6,.143,.200,.286,.486,0.1
37,,Trevor Cahill,ATL/CHC,7,0,1,0,0,0,0,0,0,1,2,.143,.250,.143,.393,0.1
38,,Yohan Flande,COL,21,1,3,0,0,0,1,0,0,0,10,.143,.143,.143,.286,-0.1
39,,Francisco Pena,KC,7,0,1,0,0,0,0,0,0,0,3,.143,.143,.143,.286,0.0
40,,Carlos Martinez,STL,56,2,8,2,0,0,0,0,0,1,23,.143,.172,.179,.351,-0.0
41,,Robbie Grossman,HOU,49,7,7,2,0,1,5,0,0,5,17,.143,.222,.245,.467,-0.4
42,,Max Kepler,MIN,7,0,1,0,0,0,0,0,0,0,3,.143,.143,.143,.286,-0.1
0,681,Archie Bradley,ARI,14,0,2,0,0,0,0,0,1,0,7,.143,.143,.143,.286,-0.1
1,,Vidal Nuno,SEA/ARI,7,0,1,0,0,0,1,0,0,0,0,.143,.143,.143,.286,-0.0
2,,Jerad Eickhoff,PHI,14,1,2,0,0,0,2,0,0,0,7,.143,.143,.143,.286,0.0
3,684,Marc Krauss,LAA/DET/TB,78,3,11,3,0,2,8,0,0,3,31,.141,.173,.256,.429,-0.9
4,685,Kristopher Negron,CIN,93,5,13,2,0,0,2,2,0,9,23,.140,.238,.161,.399,-0.5
5,686,Ryan Vogelsong,SF,36,3,5,1,0,1,2,0,0,1,13,.139,.162,.250,.412,0.1
6,687,Bartolo Colon,NYM,58,2,8,1,0,0,4,0,0,0,24,.138,.150,.155,.305,-0.1
7,,Matt Wisler,ATL,29,0,4,0,0,0,1,0,0,2,6,.138,.194,.138,.331,0.0
8,689,Zach Walters,CLE,30,0,4,0,0,0,3,0,0,0,15,.133,.133,.133,.267,-0.5
9,690,James Shields,SD,68,7,9,2,0,0,2,0,0,1,28,.132,.145,.162,.307,-0.0
10,RK,PLAYER,TEAM,AB,R,H,2B,3B,HR,RBI,SB,CS,BB,SO,AVG,OBP,SLG,OPS,WAR
11,691,Stephen Strasburg,WSH,38,1,5,0,0,0,0,0,0,2,17,.132,.175,.132,.307,-0.1
12,692,Allan Dykstra,TB,31,3,4,0,0,1,4,0,0,6,12,.129,.289,.226,.515,-0.5
13,,Carson Blair,OAK,31,3,4,0,0,1,3,0,0,4,18,.129,.229,.226,.454,-0.4
14,694,Clayton Kershaw,LAD,71,2,9,2,0,0,2,0,0,2,23,.127,.162,.155,.317,0.1
15,695,Anthony Recker,NYM,80,6,10,1,0,2,5,1,0,11,35,.125,.239,.213,.452,-0.8
16,,Jhoulys Chacin,ARI,8,0,1,0,0,0,0,0,0,0,4,.125,.125,.125,.250,-0.0
17,,David Holmberg,CIN,8,2,1,0,0,0,0,0,0,2,5,.125,.364,.125,.489,0.1
18,,Collin McHugh,HOU,8,1,1,0,0,0,0,0,0,0,4,.125,.125,.125,.250,0.1
19,699,Dan Haren,CHC/MIA,49,4,6,1,0,0,5,0,0,5,16,.122,.200,.143,.343,0.1
20,700,Rob Brantly,CHW,33,3,4,1,0,1,6,0,0,2,8,.121,.167,.242,.409,-0.3
21,RK,PLAYER,TEAM,AB,R,H,2B,3B,HR,RBI,SB,CS,BB,SO,AVG,OBP,SLG,OPS,WAR
22,701,Craig Gentry,OAK,50,6,6,0,2,0,3,1,1,4,15,.120,.196,.200,.396,-0.5
23,,Tom Koehler,MIA,50,2,6,1,0,0,1,0,0,2,28,.120,.154,.140,.294,0.1
24,,Patrick Corbin,ARI,25,1,3,0,0,0,3,0,0,3,11,.120,.214,.120,.334,0.0
25,704,A.J. Burnett,PIT,42,1,5,0,0,1,5,0,0,0,20,.119,.116,.190,.307,-0.1
26,705,Brad Hand,MIA,17,1,2,0,0,0,2,0,0,0,5,.118,.118,.118,.235,-0.1
27,,David Phelps,MIA,34,0,4,0,0,0,0,0,0,0,16,.118,.143,.118,.261,-0.1
28,707,Mike Leake,CIN/SF,69,4,8,3,0,2,8,0,0,0,36,.116,.116,.246,.362,0.0
29,708,John Lackey,STL,62,0,7,2,0,0,3,0,0,4,24,.113,.167,.145,.312,-0.1
30,709,Chris Sale,CHW,9,1,1,0,0,0,0,0,0,0,4,.111,.111,.111,.222,-0.0
31,,Taijuan Walker,SEA,9,0,1,1,0,0,1,0,0,0,5,.111,.111,.222,.333,-0.0
32,RK,PLAYER,TEAM,AB,R,H,2B,3B,HR,RBI,SB,CS,BB,SO,AVG,OBP,SLG,OPS,WAR
33,,Joe Ross,WSH,27,2,3,0,0,0,0,0,0,0,11,.111,.143,.111,.254,-0.1
34,,Christian Walker,BAL,9,0,1,0,0,0,0,0,0,3,4,.111,.333,.111,.444,-0.1
35,,Zack Godley,ARI,9,0,1,0,0,0,0,0,0,0,6,.111,.111,.111,.222,-0.1
36,714,Jimmy Nelson,MIL,55,1,6,1,0,0,2,0,0,1,34,.109,.125,.127,.252,-0.2
37,715,Matt Harvey,NYM,65,1,7,2,0,1,7,0,0,0,31,.108,.108,.185,.292,-0.2
38,716,Chase Anderson,ARI,48,0,5,0,0,0,3,0,0,1,23,.104,.122,.104,.227,-0.3
39,717,James Jones,SEA,29,1,3,1,0,0,0,1,1,2,13,.103,.161,.138,.299,-1.0
40,718,Sean O'Sullivan,PHI,20,2,2,1,0,0,0,0,0,1,10,.100,.143,.150,.293,-0.1
41,,Dillon Gee,NYM,10,0,1,0,0,0,0,0,0,0,5,.100,.100,.100,.200,-0.0
42,,Nevin Ashley,MIL,20,2,2,1,0,0,1,0,0,0,8,.100,.143,.150,.293,-0.2
0,721,Travis Wood,CHC,30,0,3,0,0,0,2,0,0,2,16,.100,.156,.100,.256,-0.1
1,,Mike Fiers,MIL/HOU,30,0,3,0,0,0,0,0,0,0,12,.100,.100,.100,.200,-0.2
2,,Rocky Gale,SD,10,0,1,0,0,0,0,0,0,0,1,.100,.100,.100,.200,-0.1
3,,Severino Gonzalez,PHI,10,2,1,0,0,0,1,0,0,1,4,.100,.182,.100,.282,-0.0
4,725,Jaime Garcia,STL,41,1,4,0,0,0,1,0,0,2,15,.098,.140,.098,.237,-0.1
5,726,Tyler Holt,CLE/CIN,31,4,3,0,0,0,0,1,0,3,11,.097,.176,.097,.273,-0.4
6,,Robbie Ray,ARI,31,0,3,1,0,0,0,0,0,0,14,.097,.097,.129,.226,-0.2
7,728,Julio Teheran,ATL,52,0,5,0,0,0,2,0,0,2,9,.096,.130,.096,.226,-0.1
8,729,Ian Kennedy,SD,42,3,4,3,0,0,0,0,0,0,23,.095,.095,.167,.262,-0.1
9,730,Rubby De La Rosa,ARI,64,3,6,0,0,0,2,0,0,0,25,.094,.094,.094,.188,-0.4
10,RK,PLAYER,TEAM,AB,R,H,2B,3B,HR,RBI,SB,CS,BB,SO,AVG,OBP,SLG,OPS,WAR
11,731,Gio Gonzalez,WSH,43,1,4,1,0,0,2,0,0,1,18,.093,.152,.116,.268,-0.1
12,732,Cody Ross,OAK,22,3,2,0,0,0,3,0,0,3,6,.091,.200,.091,.291,-0.4
13,,Nick Noonan,SF,22,2,2,1,0,1,3,0,0,2,8,.091,.167,.273,.439,-0.3
14,734,J.A. Happ,SEA/PIT,23,1,2,0,0,0,0,0,0,1,13,.087,.125,.087,.212,-0.1
15,,Pedro Florimon,PIT,23,5,2,0,1,0,1,1,0,2,12,.087,.160,.174,.334,-0.2
16,,David Hale,COL,23,1,2,0,0,0,0,0,0,0,9,.087,.087,.087,.174,-0.2
17,,Aaron Nola,PHI,23,0,2,0,0,0,1,0,0,1,16,.087,.125,.087,.212,-0.1
18,738,Brett Anderson,LAD,47,1,4,1,0,0,3,0,0,5,32,.085,.173,.106,.279,-0.1
19,739,Andrew Cashner,SD,60,2,5,0,0,0,1,0,0,1,24,.083,.098,.083,.182,-0.1
20,740,Ryan LaMarre,CIN,25,2,2,0,0,0,0,0,0,0,9,.080,.080,.080,.160,-0.5
21,RK,PLAYER,TEAM,AB,R,H,2B,3B,HR,RBI,SB,CS,BB,SO,AVG,OBP,SLG,OPS,WAR
22,741,Wil Nieves,SD,13,1,1,0,0,1,4,0,0,1,4,.077,.143,.308,.451,-0.2
23,,Chad Billingsley,PHI,13,2,1,0,0,1,1,0,0,0,5,.077,.077,.308,.385,0.1
24,,Matt Garza,MIL,39,0,3,0,0,0,0,0,1,1,21,.077,.100,.077,.177,-0.5
25,,Eric Stults,ATL,13,0,1,0,0,0,0,0,0,0,7,.077,.077,.077,.154,-0.1
26,,Reid Brignac,MIA,13,2,1,0,0,0,0,0,0,3,5,.077,.250,.077,.327,-0.2
27,,Adam Morgan,PHI,26,2,2,1,0,0,1,0,0,0,12,.077,.077,.115,.192,-0.0
28,,Arismendy Alcantara,CHC,26,5,2,0,0,0,1,1,0,5,11,.077,.226,.077,.303,-0.1
29,,Jose Urena,MIA,13,0,1,0,0,0,0,0,0,0,9,.077,.077,.077,.154,-0.1
30,,Zach Davies,MIL,13,1,1,0,0,0,0,0,0,0,3,.077,.077,.077,.154,-0.0
31,750,Yadiel Rivera,MIL,14,0,1,0,0,0,0,0,0,0,4,.071,.071,.071,.143,0.1
32,RK,PLAYER,TEAM,AB,R,H,2B,3B,HR,RBI,SB,CS,BB,SO,AVG,OBP,SLG,OPS,WAR
33,,Mike Foltynewicz,ATL,28,0,2,1,0,0,3,0,0,0,19,.071,.069,.107,.176,-0.2
34,,Williams Perez,ATL,28,2,2,0,0,0,0,0,0,2,13,.071,.133,.071,.205,-0.1
35,753,Chad Bettis,COL,29,2,2,0,0,0,1,0,0,4,13,.069,.182,.069,.251,0.0
36,754,Jeff Locke,PIT,45,1,3,1,0,0,2,0,0,2,18,.067,.106,.089,.195,-0.2
37,,Odrisamer Despaigne,SD,30,0,2,1,0,0,0,0,0,1,11,.067,.097,.100,.197,-0.2
38,,Raisel Iglesias,CIN,30,0,2,0,1,0,1,0,0,0,13,.067,.067,.133,.200,-0.2
39,757,Jerome Williams,PHI,31,0,2,1,0,0,1,0,0,1,14,.065,.094,.097,.191,-0.0
40,,Jon Lester,CHC,62,6,4,0,0,0,0,0,0,3,30,.065,.108,.065,.172,-0.3
41,759,Jorge De La Rosa,COL,48,0,3,0,0,0,3,0,0,0,18,.063,.063,.063,.125,-0.4
42,,John Lamb,CIN,16,0,1,1,0,0,1,0,0,0,8,.063,.063,.125,.188,-0.1
0,761,Luis Jimenez,BOS/MIL,16,1,1,0,0,0,0,0,0,1,6,.063,.118,.063,.180,-0.3
1,,John Hicks,SEA,32,1,2,1,0,0,1,1,1,1,18,.063,.091,.094,.185,-0.5
2,763,Jarred Cosart,MIA,17,0,1,0,0,0,1,0,0,0,8,.059,.059,.059,.118,-0.1
3,764,Shelby Miller,ATL,56,1,3,2,0,0,0,0,0,4,29,.054,.117,.089,.206,-0.3
4,765,Jhonatan Solano,MIA,20,1,1,1,0,0,2,0,0,1,1,.050,.095,.100,.195,-0.4
5,,Kyle Hendricks,CHC,60,2,3,1,0,0,1,0,0,1,24,.050,.066,.067,.132,-0.4
6,767,Juan Centeno,MIL,21,0,1,1,0,0,0,0,0,2,7,.048,.130,.095,.226,-0.5
7,,Carlos Frias,LAD,21,1,1,0,0,0,0,0,0,1,12,.048,.130,.048,.178,-0.1
8,769,Eddie Butler,COL,23,0,1,0,0,0,0,0,0,0,13,.043,.043,.043,.087,-0.4
9,770,Andrew Lambo,PIT,25,1,1,1,0,0,0,0,0,2,8,.040,.111,.080,.191,-0.5
10,RK,PLAYER,TEAM,AB,R,H,2B,3B,HR,RBI,SB,CS,BB,SO,AVG,OBP,SLG,OPS,WAR
11,,Justin Nicolino,MIA,25,0,1,0,0,0,0,0,0,0,8,.040,.040,.040,.080,-0.3
12,772,Wily Peralta,MIL,30,1,1,0,0,0,1,0,0,3,15,.033,.121,.033,.155,-0.1
13,773,Charlie Morton,PIT,36,0,1,0,0,0,1,0,0,1,18,.028,.054,.028,.082,-0.4
14,774,Mike Bolsinger,LAD,38,1,1,1,0,0,0,0,0,0,23,.026,.026,.053,.079,-0.4
15,775,LaTroy Hawkins,TOR/COL,1,0,0,0,0,0,0,0,0,0,1,.000,.000,.000,.000,0.0
16,,Bruce Chen,CLE,0,0,0,0,0,0,0,0,0,0,0,.000,.000,.000,.000,0.0
17,,Rafael Betancourt,COL,0,0,0,0,0,0,0,0,0,0,0,.000,.000,.000,.000,0.0
18,,Joe Nathan,DET,0,0,0,0,0,0,0,0,0,0,0,.000,.000,.000,.000,0.0
19,,Randy Wolf,DET,0,0,0,0,0,0,0,0,0,0,0,.000,.000,.000,.000,0.0
20,,Buddy Carlyle,NYM,0,0,0,0,0,0,0,0,0,0,0,.000,.000,.000,.000,0.0
21,RK,PLAYER,TEAM,AB,R,H,2B,3B,HR,RBI,SB,CS,BB,SO,AVG,OBP,SLG,OPS,WAR
22,,Barry Zito,OAK,0,0,0,0,0,0,0,0,0,0,0,.000,.000,.000,.000,0.0
23,,Jason Grilli,ATL,0,0,0,0,0,0,0,0,0,0,0,.000,.000,.000,.000,0.0
24,,Randy Choate,STL,0,0,0,0,0,0,0,0,0,1,0,.000,1.000,.000,1.000,0.1
25,,CC Sabathia,NYY,3,0,0,0,0,0,0,0,0,0,2,.000,.000,.000,.000,-0.0
26,,Joaquin Benoit,SD,0,0,0,0,0,0,0,0,0,0,0,.000,.000,.000,.000,0.0
27,,Rafael Soriano,CHC,0,0,0,0,0,0,0,0,0,0,0,.000,.000,.000,.000,0.0
28,,Joe Beimel,SEA,0,0,0,0,0,0,0,0,0,0,0,.000,.000,.000,.000,0.0
29,,R.A. Dickey,TOR,3,0,0,0,0,0,0,0,0,0,1,.000,.000,.000,.000,-0.1
30,,Scott Atchison,CLE,0,0,0,0,0,0,0,0,0,0,0,.000,.000,.000,.000,0.0
31,,Grant Balfour,TB,0,0,0,0,0,0,0,0,0,0,0,.000,.000,.000,.000,0.0
32,RK,PLAYER,TEAM,AB,R,H,2B,3B,HR,RBI,SB,CS,BB,SO,AVG,OBP,SLG,OPS,WAR
33,,Jeremy Affeldt,SF,2,0,0,0,0,0,0,0,0,0,2,.000,.000,.000,.000,0.0
34,,Colby Lewis,TEX,2,0,0,0,0,0,0,0,0,0,2,.000,.000,.000,.000,-0.0
35,,Fernando Rodney,SEA/CHC,0,0,0,0,0,0,0,0,0,0,0,.000,.000,.000,.000,0.0
36,,Oliver Perez,HOU/ARI,0,0,0,0,0,0,0,0,0,0,0,.000,.000,.000,.000,0.0
37,,Francisco Rodriguez,MIL,0,0,0,0,0,0,0,0,0,0,0,.000,.000,.000,.000,0.0
38,,Ryan Madson,KC,0,0,0,0,0,0,0,0,0,0,0,.000,.000,.000,.000,0.0
39,,Javier Lopez,SF,0,0,0,0,0,0,0,0,0,0,0,.000,.000,.000,.000,0.1
40,,Adam Wainwright,STL,10,0,0,0,0,0,0,0,0,0,2,.000,.000,.000,.000,-0.1
41,,Gerald Laird,ARI,2,0,0,0,0,0,0,0,0,0,0,.000,.000,.000,.000,-0.1
42,,Chris Capuano,NYY,1,0,0,0,0,0,0,0,0,0,0,.000,.000,.000,.000,0.0
0,801,Kevin Gregg,CIN,0,0,0,0,0,0,0,0,0,0,0,.000,.000,.000,.000,0.0
1,,Neal Cotts,MIL/MIN,0,0,0,0,0,0,0,0,0,0,0,.000,.000,.000,.000,0.0
2,,Matt Thornton,WSH,0,0,0,0,0,0,0,0,0,0,0,.000,.000,.000,.000,0.0
3,,Matt Belisle,STL,0,0,0,0,0,0,0,0,0,0,0,.000,.000,.000,.000,0.0
4,,Edwin Jackson,ATL/CHC,1,0,0,0,0,0,0,0,0,0,0,.000,.000,.000,.000,0.0
5,,Dustin McGowan,PHI,3,0,0,0,0,0,0,0,0,0,3,.000,.000,.000,.000,-0.0
6,,Gavin Floyd,CLE,0,0,0,0,0,0,0,0,0,0,0,.000,.000,.000,.000,0.0
7,,David Aardsma,ATL,1,0,0,0,0,0,0,0,0,0,1,.000,.000,.000,.000,0.0
8,,Jason Frasor,KC/ATL,0,0,0,0,0,0,0,0,0,0,0,.000,.000,.000,.000,0.0
9,,Chad Qualls,HOU,0,0,0,0,0,0,0,0,0,0,0,.000,.000,.000,.000,0.0
10,RK,PLAYER,TEAM,AB,R,H,2B,3B,HR,RBI,SB,CS,BB,SO,AVG,OBP,SLG,OPS,WAR
11,,Jeff Francis,TOR,0,0,0,0,0,0,0,0,0,0,0,.000,.000,.000,.000,0.0
12,,Santiago Casilla,SF,0,0,0,0,0,0,0,0,0,0,0,.000,.000,.000,.000,0.0
13,,Logan Kensing,SEA,0,0,0,0,0,0,0,0,0,0,0,.000,.000,.000,.000,0.0
14,,Joe Blanton,KC/PIT,4,0,0,0,0,0,0,0,0,0,1,.000,.000,.000,.000,-0.0
15,,Huston Street,LAA,0,0,0,0,0,0,0,0,0,0,0,.000,.000,.000,.000,0.0
16,,Brandon McCarthy,LAD,6,0,0,0,0,0,1,0,0,1,5,.000,.143,.000,.143,-0.0
17,,Felix Hernandez,SEA,3,0,0,0,0,0,0,0,0,0,1,.000,.000,.000,.000,-0.0
18,,Matt Cain,SF,16,0,0,0,0,0,1,0,0,0,9,.000,.000,.000,.000,-0.3
19,,Tim Stauffer,MIN/NYM,0,0,0,0,0,0,0,0,0,0,0,.000,.000,.000,.000,0.0
20,,Kyle Davies,NYY,0,0,0,0,0,0,0,0,0,0,0,.000,.000,.000,.000,0.0
21,RK,PLAYER,TEAM,AB,R,H,2B,3B,HR,RBI,SB,CS,BB,SO,AVG,OBP,SLG,OPS,WAR
22,,Chris Narveson,MIA,6,1,0,0,0,0,1,0,0,0,4,.000,.000,.000,.000,-0.1
23,,Zach Duke,CHW,0,0,0,0,0,0,0,0,0,0,0,.000,.000,.000,.000,0.0
24,,Scott Baker,LAD,3,0,0,0,0,0,0,0,0,0,1,.000,.000,.000,.000,-0.0
25,,Ervin Santana,MIN,0,0,0,0,0,0,0,0,0,0,0,.000,.000,.000,.000,0.0
26,,Joel Peralta,LAD,1,0,0,0,0,0,0,0,0,0,1,.000,.000,.000,.000,0.0
27,,J.P. Howell,LAD,0,0,0,0,0,0,0,0,0,0,0,.000,.000,.000,.000,0.0
28,,Blaine Boyer,MIN,0,0,0,0,0,0,0,0,0,0,0,.000,.000,.000,.000,0.0
29,,Rich Hill,BOS,0,0,0,0,0,0,0,0,0,0,0,.000,.000,.000,.000,0.0
30,,Justin Verlander,DET,0,0,0,0,0,0,0,0,0,0,0,.000,.000,.000,.000,0.0
31,,Jason Vargas,KC,0,0,0,0,0,0,0,0,0,0,0,.000,.000,.000,.000,0.0
32,RK,PLAYER,TEAM,AB,R,H,2B,3B,HR,RBI,SB,CS,BB,SO,AVG,OBP,SLG,OPS,WAR
33,,Dana Eveland,ATL,0,0,0,0,0,0,0,0,0,0,0,.000,.000,.000,.000,0.0
34,,Roberto Hernandez,HOU,2,1,0,0,0,0,0,0,0,1,2,.000,.333,.000,.333,0.0
35,,Craig Breslow,BOS,0,0,0,0,0,0,0,0,0,0,0,.000,.000,.000,.000,0.0
36,,Jonathan Broxton,MIL/STL,0,0,0,0,0,0,0,0,0,0,0,.000,.000,.000,.000,0.0
37,,Jonathan Papelbon,WSH/PHI,0,0,0,0,0,0,0,0,0,0,0,.000,.000,.000,.000,0.0
38,,Edinson Volquez,KC,6,0,0,0,0,0,0,0,0,0,4,.000,.000,.000,.000,-0.1
39,,Shaun Marcum,CLE,0,0,0,0,0,0,0,0,0,0,0,.000,.000,.000,.000,0.0
40,,Tom Gorzelanny,DET,0,0,0,0,0,0,0,0,0,0,0,.000,.000,.000,.000,0.0
41,,Jason Pridie,OAK,9,0,0,0,0,0,0,0,0,1,4,.000,.100,.000,.100,-0.2
42,,Yusmeiro Petit,SF,9,1,0,0,0,0,0,0,0,0,3,.000,.000,.000,.000,-0.1
0,841,Anibal Sanchez,DET,4,0,0,0,0,0,0,0,0,0,4,.000,.000,.000,.000,-0.1
1,,Jered Weaver,LAA,2,0,0,0,0,0,0,0,0,0,1,.000,.000,.000,.000,-0.0
2,,Glen Perkins,MIN,0,0,0,0,0,0,0,0,0,0,0,.000,.000,.000,.000,0.0
3,,Boone Logan,COL,0,0,0,0,0,0,0,0,0,0,0,.000,.000,.000,.000,0.0
4,,Ricky Nolasco,MIN,3,0,0,0,0,0,0,0,0,0,3,.000,.000,.000,.000,-0.0
5,,Peter Moylan,ATL,0,0,0,0,0,0,0,0,0,0,0,.000,.000,.000,.000,0.0
6,,Casey Janssen,WSH,0,0,0,0,0,0,0,0,0,0,0,.000,.000,.000,.000,0.0
7,,Carlos Villanueva,STL,8,0,0,0,0,0,0,0,0,0,5,.000,.000,.000,.000,-0.1
8,,Pat Neshek,HOU,0,0,0,0,0,0,0,0,0,0,0,.000,.000,.000,.000,0.0
9,,Edward Mujica,BOS/OAK,0,0,0,0,0,0,0,0,0,0,0,.000,.000,.000,.000,0.0
10,RK,PLAYER,TEAM,AB,R,H,2B,3B,HR,RBI,SB,CS,BB,SO,AVG,OBP,SLG,OPS,WAR
11,,Nick Masset,ATL/MIA,0,0,0,0,0,0,0,0,0,0,0,.000,.000,.000,.000,0.0
12,,John Danks,CHW,0,0,0,0,0,0,0,0,0,0,0,.000,.000,.000,.000,0.0
13,,Mark Lowe,SEA/TOR,0,0,0,0,0,0,0,0,0,0,0,.000,.000,.000,.000,0.0
14,,Matt Albers,CHW,0,0,0,0,0,0,0,0,0,0,0,.000,.000,.000,.000,0.0
15,,Jim Johnson,ATL/LAD,0,0,0,0,0,0,0,0,0,0,0,.000,.000,.000,.000,0.0
16,,Eric O'Flaherty,OAK/NYM,0,0,0,0,0,0,0,0,0,0,0,.000,.000,.000,.000,0.0
17,,Andrew Miller,NYY,0,0,0,0,0,0,0,0,0,0,0,.000,.000,.000,.000,0.0
18,,Cesar Jimenez,MIL/PHI,0,0,0,0,0,0,0,0,0,0,0,.000,.000,.000,.000,0.0
19,,Phil Hughes,MIN,3,0,0,0,0,0,0,0,0,0,0,.000,.000,.000,.000,-0.0
20,,Luke Hochevar,KC,0,0,0,0,0,0,0,0,0,0,0,.000,.000,.000,.000,0.0
21,RK,PLAYER,TEAM,AB,R,H,2B,3B,HR,RBI,SB,CS,BB,SO,AVG,OBP,SLG,OPS,WAR
22,,Homer Bailey,CIN,4,0,0,0,0,0,0,0,0,0,1,.000,.000,.000,.000,-0.1
23,,Tony Sipp,HOU,0,0,0,0,0,0,0,0,0,0,0,.000,.000,.000,.000,0.0
24,,Franklin Morales,KC,0,0,0,0,0,0,0,0,0,0,0,.000,.000,.000,.000,0.0
25,,Joakim Soria,DET/PIT,0,0,0,0,0,0,0,0,0,0,0,.000,.000,.000,.000,0.0
26,,Tyler Clippard,OAK/NYM,1,0,0,0,0,0,0,0,0,0,0,.000,.000,.000,.000,0.0
27,,Ross Ohlendorf,TEX,0,0,0,0,0,0,0,0,0,0,0,.000,.000,.000,.000,0.0
28,,Alfredo Simon,DET,5,0,0,0,0,0,0,0,0,0,2,.000,.000,.000,.000,-0.1
29,,Joe Smith,LAA,0,0,0,0,0,0,0,0,0,0,0,.000,.000,.000,.000,0.0
30,,Don Kelly,MIA,1,0,0,0,0,0,0,0,0,0,0,.000,.000,.000,.000,-0.0
31,,Brandon Morrow,SD,9,0,0,0,0,0,0,0,0,1,8,.000,.100,.000,.100,-0.1
32,RK,PLAYER,TEAM,AB,R,H,2B,3B,HR,RBI,SB,CS,BB,SO,AVG,OBP,SLG,OPS,WAR
33,,Jo-Jo Reyes,LAA,0,0,0,0,0,0,0,0,0,0,0,.000,.000,.000,.000,0.0
34,,Manny Parra,CIN,0,0,0,0,0,0,0,0,0,0,0,.000,.000,.000,.000,0.0
35,,Joe Thatcher,HOU,0,0,0,0,0,0,0,0,0,0,0,.000,.000,.000,.000,0.0
36,,Joba Chamberlain,DET/KC,0,0,0,0,0,0,0,0,0,0,0,.000,.000,.000,.000,0.0
37,,Clay Buchholz,BOS,6,0,0,0,0,0,0,0,0,0,2,.000,.000,.000,.000,-0.1
38,,Radhames Liz,PIT,1,0,0,0,0,0,0,0,0,0,0,.000,.000,.000,.000,0.0
39,,Chris Volstad,PIT,0,0,0,0,0,0,0,0,0,0,0,.000,.000,.000,.000,0.0
40,,Ross Detwiler,TEX/ATL,1,0,0,0,0,0,0,0,0,0,1,.000,.000,.000,.000,0.0
41,,Jerry Blevins,NYM,0,0,0,0,0,0,0,0,0,0,0,.000,.000,.000,.000,0.0
42,,Wesley Wright,BAL/LAA,0,0,0,0,0,0,0,0,0,0,0,.000,.000,.000,.000,0.0
0,881,Wade Davis,KC,0,0,0,0,0,0,0,0,0,0,0,.000,.000,.000,.000,0.0
1,,David Price,DET/TOR,9,0,0,0,0,0,0,0,0,0,3,.000,.000,.000,.000,-0.2
2,,Jake McGee,TB,0,0,0,0,0,0,0,0,0,0,0,.000,.000,.000,.000,0.0
3,,Brian Duensing,MIN,1,0,0,0,0,0,0,0,0,0,0,.000,.000,.000,.000,-0.0
4,,Matt Harrison,TEX,2,0,0,0,0,0,0,0,0,0,1,.000,.000,.000,.000,0.1
5,,Collin Balester,CIN,1,0,0,0,0,0,0,0,0,0,0,.000,.000,.000,.000,0.0
6,,Darren O'Day,BAL,0,0,0,0,0,0,0,0,0,0,0,.000,.000,.000,.000,0.0
7,,Burke Badenhop,CIN,1,0,0,0,0,0,0,0,0,0,0,.000,.000,.000,.000,0.0
8,,Brad Ziegler,ARI,0,0,0,0,0,0,0,0,0,0,0,.000,.000,.000,.000,0.0
9,,Sergio Romo,SF,2,0,0,0,0,0,0,0,0,0,1,.000,.000,.000,.000,0.0
10,RK,PLAYER,TEAM,AB,R,H,2B,3B,HR,RBI,SB,CS,BB,SO,AVG,OBP,SLG,OPS,WAR
11,,David Robertson,CHW,0,0,0,0,0,0,0,0,0,0,0,.000,.000,.000,.000,0.0
12,,Tommy Hunter,BAL/CHC,0,0,0,0,0,0,0,0,0,0,0,.000,.000,.000,.000,0.0
13,,Bobby Parnell,NYM,0,0,0,0,0,0,0,0,0,0,0,.000,.000,.000,.000,0.0
14,,Phil Coke,TOR/CHC,0,0,0,0,0,0,0,0,0,0,0,.000,.000,.000,.000,0.0
15,,Jason Motte,CHC,0,0,0,0,0,0,0,0,0,0,0,.000,.000,.000,.000,0.0
16,,Kevin Jepsen,MIN/TB,0,0,0,0,0,0,0,0,0,0,0,.000,.000,.000,.000,0.0
17,,Miguel Gonzalez,BAL,1,0,0,0,0,0,0,0,0,0,0,.000,.000,.000,.000,-0.0
18,,Jordan Walden,STL,0,0,0,0,0,0,0,0,0,0,0,.000,.000,.000,.000,0.0
19,,Fernando Rodriguez Jr.,OAK,0,0,0,0,0,0,0,0,0,0,0,.000,.000,.000,.000,0.0
20,,Casey Fien,MIN,0,0,0,0,0,0,0,0,0,0,0,.000,.000,.000,.000,0.0
21,RK,PLAYER,TEAM,AB,R,H,2B,3B,HR,RBI,SB,CS,BB,SO,AVG,OBP,SLG,OPS,WAR
22,,Jeff Manship,CLE,0,0,0,0,0,0,0,0,0,0,0,.000,.000,.000,.000,0.0
23,,Deolis Guerra,PIT,1,0,0,0,0,0,0,0,0,0,0,.000,.000,.000,.000,-0.0
24,,Mark Melancon,PIT,0,0,0,0,0,0,0,0,0,0,0,.000,.000,.000,.000,0.0
25,,Austin Romine,NYY,2,0,0,0,0,0,0,0,0,0,0,.000,.000,.000,.000,-0.1
26,,Arnold Leon,OAK,0,0,0,0,0,0,0,0,0,0,0,.000,.000,.000,.000,0.0
27,,Phillippe Aumont,PHI,0,0,0,0,0,0,0,0,0,1,0,.000,1.000,.000,1.000,0.1
28,,Sergio Santos,NYY/LAD,0,0,0,0,0,0,0,0,0,0,0,.000,.000,.000,.000,0.0
29,,Gorkys Hernandez,PIT,5,0,0,0,0,0,0,1,0,0,0,.000,.000,.000,.000,-0.1
30,,Kenley Jansen,LAD,0,0,0,0,0,0,0,0,0,0,0,.000,.000,.000,.000,0.0
31,,Ronald Belisario,TB,1,0,0,0,0,0,0,0,0,0,0,.000,.000,.000,.000,-0.0
32,RK,PLAYER,TEAM,AB,R,H,2B,3B,HR,RBI,SB,CS,BB,SO,AVG,OBP,SLG,OPS,WAR
33,,David Carpenter,NYY/WSH,0,0,0,0,0,0,0,0,0,0,0,.000,.000,.000,.000,0.0
34,,Adam Ottavino,COL,0,0,0,0,0,0,0,0,0,0,0,.000,.000,.000,.000,0.0
35,,Dylan Axelrod,CIN,2,0,0,0,0,0,0,0,0,0,1,.000,.000,.000,.000,-0.0
36,,Cesar Ramos,LAA,0,0,0,0,0,0,0,0,0,0,0,.000,.000,.000,.000,0.0
37,,Pedro Strop,CHC,0,0,0,0,0,0,0,0,0,0,0,.000,.000,.000,.000,0.0
38,,Aaron Thompson,MIN,0,0,0,0,0,0,0,0,0,0,0,.000,.000,.000,.000,0.0
39,,Ed Easley,STL,6,0,0,0,0,0,1,0,0,0,1,.000,.000,.000,.000,-0.1
40,,Brooks Brown,COL,0,0,0,0,0,0,0,0,0,0,0,.000,.000,.000,.000,0.0
41,,Dale Thayer,SD,0,0,0,0,0,0,0,0,0,0,0,.000,.000,.000,.000,0.0
42,,Jumbo Diaz,CIN,0,0,0,0,0,0,0,0,0,0,0,.000,.000,.000,.000,0.0
0,921,Brian Matusz,BAL,0,0,0,0,0,0,0,0,0,0,0,.000,.000,.000,.000,0.0
1,,Neil Ramirez,CHC,0,0,0,0,0,0,0,0,0,0,0,.000,.000,.000,.000,0.0
2,,Jean Machi,BOS/SF,3,0,0,0,0,0,0,0,0,0,2,.000,.000,.000,.000,-0.0
3,,Kyle Drabek,CHW,0,0,0,0,0,0,0,0,0,0,0,.000,.000,.000,.000,0.0
4,,Rick Porcello,BOS,2,0,0,0,0,0,0,0,0,0,2,.000,.000,.000,.000,-0.0
5,,Ernesto Frieri,TB,0,0,0,0,0,0,0,0,0,0,0,.000,.000,.000,.000,0.0
6,,Nick Hagadone,CLE,0,0,0,0,0,0,0,0,0,0,0,.000,.000,.000,.000,0.0
7,,Angel Castro,OAK,0,0,0,0,0,0,0,0,0,0,0,.000,.000,.000,.000,0.0
8,,Esmil Rogers,NYY,0,0,0,0,0,0,0,0,0,0,0,.000,.000,.000,.000,0.0
9,,Ryan Webb,CLE,0,0,0,0,0,0,0,0,0,0,0,.000,.000,.000,.000,0.0
10,RK,PLAYER,TEAM,AB,R,H,2B,3B,HR,RBI,SB,CS,BB,SO,AVG,OBP,SLG,OPS,WAR
11,,Marcos Mateo,SD,0,0,0,0,0,0,0,0,0,0,0,.000,.000,.000,.000,0.0
12,,David Hernandez,ARI,0,0,0,0,0,0,0,0,0,0,0,.000,.000,.000,.000,0.0
13,,Felix Doubront,OAK/TOR,0,0,0,0,0,0,0,0,0,0,0,.000,.000,.000,.000,0.0
14,,Samuel Deduno,HOU,0,0,0,0,0,0,0,0,0,0,0,.000,.000,.000,.000,0.0
15,,Todd Redmond,TOR,0,0,0,0,0,0,0,0,0,0,0,.000,.000,.000,.000,0.0
16,,Hector Rondon,CHC,0,0,0,0,0,0,0,0,0,0,0,.000,.000,.000,.000,0.0
17,,Junichi Tazawa,BOS,0,0,0,0,0,0,0,0,0,0,0,.000,.000,.000,.000,0.0
18,,Andrew Bailey,NYY,0,0,0,0,0,0,0,0,0,0,0,.000,.000,.000,.000,0.0
19,,Antonio Bastardo,PIT,2,0,0,0,0,0,0,0,0,0,2,.000,.000,.000,.000,0.0
20,,David Huff,LAD,1,0,0,0,0,0,0,0,0,0,0,.000,.000,.000,.000,-0.0
21,RK,PLAYER,TEAM,AB,R,H,2B,3B,HR,RBI,SB,CS,BB,SO,AVG,OBP,SLG,OPS,WAR
22,,Koji Uehara,BOS,0,0,0,0,0,0,0,0,0,0,0,.000,.000,.000,.000,0.0
23,,Donnie Veal,ATL,0,0,0,0,0,0,0,0,0,0,0,.000,.000,.000,.000,0.0
24,,Derek Holland,TEX,0,0,0,0,0,0,0,0,0,0,0,.000,.000,.000,.000,0.0
25,,Neftali Feliz,DET/TEX,0,0,0,0,0,0,0,0,0,0,0,.000,.000,.000,.000,0.0
26,,Vin Mazzaro,MIA,0,0,0,0,0,0,0,0,0,0,0,.000,.000,.000,.000,0.0
27,,Anthony Swarzak,CLE,0,0,0,0,0,0,0,0,0,0,0,.000,.000,.000,.000,0.0
28,,Sam LeCure,CIN,1,0,0,0,0,0,0,0,0,0,0,.000,.000,.000,.000,0.0
29,,Brad Mills,OAK,0,0,0,0,0,0,0,0,0,0,0,.000,.000,.000,.000,0.0
30,,Josh Fields,HOU,0,0,0,0,0,0,0,0,0,0,0,.000,.000,.000,.000,0.0
31,,Shawn Kelley,SD,0,0,0,0,0,0,0,0,0,0,0,.000,.000,.000,.000,0.0
32,RK,PLAYER,TEAM,AB,R,H,2B,3B,HR,RBI,SB,CS,BB,SO,AVG,OBP,SLG,OPS,WAR
33,,Kris Medlen,KC,0,1,0,0,0,0,0,0,0,0,0,.000,.000,.000,.000,0.0
34,,Luke Gregerson,HOU,0,0,0,0,0,0,0,0,0,0,0,.000,.000,.000,.000,0.0
35,,Sean Doolittle,OAK,0,0,0,0,0,0,0,0,0,0,0,.000,.000,.000,.000,0.0
36,,Chris Tillman,BAL,2,0,0,0,0,0,0,0,0,0,2,.000,.000,.000,.000,-0.0
37,,Brett Cecil,TOR,0,0,0,0,0,0,0,0,0,0,0,.000,.000,.000,.000,0.0
38,,Dan Otero,OAK,0,0,0,0,0,0,0,0,0,0,0,.000,.000,.000,.000,0.0
39,,Andy Parrino,OAK,6,1,0,0,0,0,0,0,0,2,5,.000,.250,.000,.250,-0.1
40,,Ryan Mattheus,LAA/CIN,0,0,0,0,0,0,0,0,0,0,0,.000,.000,.000,.000,0.0
41,,Craig Stammen,WSH,0,0,0,0,0,0,0,0,0,0,0,.000,.000,.000,.000,0.0
42,,Marc Rzepczynski,CLE/SD,0,0,0,0,0,0,0,0,0,0,0,.000,.000,.000,.000,0.0
0,961,Bud Norris,BAL/SD,4,0,0,0,0,0,0,0,0,0,1,.000,.000,.000,.000,-0.1
1,,Daniel Hudson,ARI,1,0,0,0,0,0,0,0,0,0,1,.000,.000,.000,.000,0.0
2,,John Axford,COL,0,0,0,0,0,0,0,0,0,0,0,.000,.000,.000,.000,0.0
3,,Anthony Varvaro,BOS,0,0,0,0,0,0,0,0,0,0,0,.000,.000,.000,.000,0.0
4,,Steve Johnson,BAL,0,0,0,0,0,0,0,0,0,0,0,.000,.000,.000,.000,0.0
5,,Ivan Nova,NYY,0,0,0,0,0,0,0,0,0,0,0,.000,.000,.000,.000,0.0
6,,Chaz Roe,BAL,0,0,0,0,0,0,0,0,0,0,0,.000,.000,.000,.000,0.0
7,,Fernando Abad,OAK,0,0,0,0,0,0,0,0,0,0,0,.000,.000,.000,.000,0.0
8,,Quintin Berry,CHC,1,1,0,0,0,0,0,2,1,0,1,.000,.000,.000,.000,-0.0
9,,Juan Jaime,ATL,0,0,0,0,0,0,0,0,0,0,0,.000,.000,.000,.000,0.0
10,RK,PLAYER,TEAM,AB,R,H,2B,3B,HR,RBI,SB,CS,BB,SO,AVG,OBP,SLG,OPS,WAR
11,,JC Ramirez,SEA/ARI,0,0,0,0,0,0,0,0,0,0,0,.000,.000,.000,.000,0.0
12,,Aroldis Chapman,CIN,1,1,0,0,0,0,0,0,0,0,0,.000,.000,.000,.000,0.1
13,,Yohan Pino,KC,0,0,0,0,0,0,0,0,0,0,0,.000,.000,.000,.000,0.0
14,,Jordan Danks,PHI,4,0,0,0,0,0,0,0,0,0,2,.000,.000,.000,.000,-0.1
15,,Tanner Scheppers,TEX,0,0,0,0,0,0,0,0,0,0,0,.000,.000,.000,.000,0.0
16,,Zach Putnam,CHW,0,0,0,0,0,0,0,0,0,0,0,.000,.000,.000,.000,0.0
17,,Al Alburquerque,DET,0,0,0,0,0,0,0,0,0,0,0,.000,.000,.000,.000,0.0
18,,Bryan Morris,MIA,0,0,0,0,0,0,0,0,0,0,0,.000,.000,.000,.000,0.0
19,,Hector Noesi,CHW,0,0,0,0,0,0,0,0,0,0,0,.000,.000,.000,.000,0.0
20,,Javy Guerra,CHW,0,0,0,0,0,0,0,0,0,0,0,.000,.000,.000,.000,0.0
21,RK,PLAYER,TEAM,AB,R,H,2B,3B,HR,RBI,SB,CS,BB,SO,AVG,OBP,SLG,OPS,WAR
22,,Juan Nicasio,LAD,1,0,0,0,0,0,0,0,0,0,0,.000,.000,.000,.000,0.1
23,,Casey Kelly,SD,2,0,0,0,0,0,0,0,0,0,0,.000,.000,.000,.000,-0.0
24,,Jeanmar Gomez,PHI,1,0,0,0,0,0,0,0,0,0,1,.000,.000,.000,.000,0.0
25,,Drew Storen,WSH,0,0,0,0,0,0,0,0,0,0,0,.000,.000,.000,.000,0.0
26,,Jenrry Mejia,NYM,0,0,0,0,0,0,0,0,0,0,0,.000,.000,.000,.000,0.0
27,,Zach McAllister,CLE,0,0,0,0,0,0,0,0,0,0,0,.000,.000,.000,.000,0.0
28,,Alexi Ogando,BOS,0,0,0,0,0,0,0,0,0,0,0,.000,.000,.000,.000,0.0
29,,Erik Cordier,MIA,0,0,0,0,0,0,0,0,0,0,0,.000,.000,.000,.000,0.0
30,,Dan Jennings,CHW,0,0,0,0,0,0,0,0,0,0,0,.000,.000,.000,.000,0.0
31,,Michael Kohn,ATL,0,0,0,0,0,0,0,0,0,0,0,.000,.000,.000,.000,0.0
32,RK,PLAYER,TEAM,AB,R,H,2B,3B,HR,RBI,SB,CS,BB,SO,AVG,OBP,SLG,OPS,WAR
33,,Steven Baron,SEA,11,0,0,0,0,0,0,0,0,0,2,.000,.000,.000,.000,-0.3
34,,Simon Castro,COL,0,0,0,0,0,0,0,0,0,0,0,.000,.000,.000,.000,0.0
35,,Tommy Layne,BOS,0,0,0,0,0,0,0,0,0,0,0,.000,.000,.000,.000,0.0
36,,Bryan Shaw,CLE,0,0,0,0,0,0,0,0,0,0,0,.000,.000,.000,.000,0.0
37,,James Russell,CHC,1,0,0,0,0,0,0,0,0,0,1,.000,.000,.000,.000,0.0
38,,Christian Friedrich,COL,3,0,0,0,0,0,0,0,0,0,0,.000,.000,.000,.000,-0.0
39,,Matt Reynolds,ARI,0,0,0,0,0,0,0,0,0,0,0,.000,.000,.000,.000,0.0
40,,Danny Farquhar,SEA,0,0,0,0,0,0,0,0,0,0,0,.000,.000,.000,.000,0.0
41,,Chad Jenkins,TOR,0,0,0,0,0,0,0,0,0,0,0,.000,.000,.000,.000,0.0
42,,Chris Hatcher,LAD,1,0,0,0,0,0,0,0,0,0,0,.000,.000,.000,.000,0.0
0,1001,Fernando Salas,LAA,0,0,0,0,0,0,0,0,0,0,0,.000,.000,.000,.000,0.0
1,,Craig Kimbrel,SD,1,0,0,0,0,0,0,0,0,0,1,.000,.000,.000,.000,0.0
2,,Cory Gearrin,SF,0,0,0,0,0,0,0,0,0,0,0,.000,.000,.000,.000,0.0
3,,Pedro Baez,LAD,0,0,0,0,0,0,0,0,0,0,0,.000,.000,.000,.000,0.0
4,,Jay Jackson,SD,0,0,0,0,0,0,0,0,0,0,0,.000,.000,.000,.000,0.0
5,,Brian Schlitter,CHC,0,0,0,0,0,0,0,0,0,0,0,.000,.000,.000,.000,0.0
6,,Keon Broxton,PIT,2,3,0,0,0,0,0,1,1,0,1,.000,.000,.000,.000,-0.1
7,,Blaine Hardy,DET,1,0,0,0,0,0,0,0,0,0,0,.000,.000,.000,.000,-0.0
8,,Dean Anna,STL,1,0,0,0,0,0,0,0,0,0,0,.000,.000,.000,.000,-0.0
9,,Garrett Richards,LAA,0,0,0,0,0,0,0,0,0,0,0,.000,.000,.000,.000,0.0
10,RK,PLAYER,TEAM,AB,R,H,2B,3B,HR,RBI,SB,CS,BB,SO,AVG,OBP,SLG,OPS,WAR
11,,Jordany Valdespin,MIA,4,0,0,0,0,0,0,0,0,0,1,.000,.000,.000,.000,-0.1
12,,Michael Pineda,NYY,2,0,0,0,0,0,0,0,0,0,1,.000,.000,.000,.000,-0.0
13,,Josh Tomlin,CLE,0,0,0,0,0,0,0,0,0,0,0,.000,.000,.000,.000,0.0
14,,Greg Holland,KC,0,0,0,0,0,0,0,0,0,0,0,.000,.000,.000,.000,0.0
15,,Jeremy Jeffress,MIL,0,0,0,0,0,0,0,0,0,0,0,.000,.000,.000,.000,0.0
16,,Brandon Kintzler,MIL,1,0,0,0,0,0,0,0,0,0,0,.000,.000,.000,.000,-0.0
17,,Brandon Beachy,LAD,2,0,0,0,0,0,0,0,0,0,1,.000,.000,.000,.000,-0.0
18,,Steve Cishek,STL/MIA,0,0,0,0,0,0,0,0,0,0,0,.000,.000,.000,.000,0.0
19,,Vinnie Pestano,LAA,0,0,0,0,0,0,0,0,0,0,0,.000,.000,.000,.000,0.0
20,,Hisashi Iwakuma,SEA,2,0,0,0,0,0,0,0,0,0,2,.000,.000,.000,.000,-0.0
21,RK,PLAYER,TEAM,AB,R,H,2B,3B,HR,RBI,SB,CS,BB,SO,AVG,OBP,SLG,OPS,WAR
22,,Brandon Gomes,TB,0,0,0,0,0,0,0,0,0,0,0,.000,.000,.000,.000,0.0
23,,Evan Scribner,OAK,0,0,0,0,0,0,0,0,0,0,0,.000,.000,.000,.000,0.0
24,,Arquimedes Caminero,PIT,0,0,0,0,0,0,0,0,0,0,0,.000,.000,.000,.000,0.0
25,,Corey Kluber,CLE,6,0,0,0,0,0,0,0,0,0,3,.000,.000,.000,.000,-0.1
26,,George Kontos,SF,2,0,0,0,0,0,0,0,0,0,2,.000,.000,.000,.000,0.0
27,,Brad Brach,BAL,0,0,0,0,0,0,0,0,0,0,0,.000,.000,.000,.000,0.0
28,,Chris Archer,TB,5,0,0,0,0,0,0,0,0,0,3,.000,.000,.000,.000,-0.1
29,,Drew Pomeranz,OAK,0,0,0,0,0,0,0,0,0,0,0,.000,.000,.000,.000,0.0
30,,Rob Rasmussen,SEA/TOR,0,0,0,0,0,0,0,0,0,0,0,.000,.000,.000,.000,0.0
31,,Miguel Socolovich,STL,1,0,0,0,0,0,0,0,0,0,0,.000,.000,.000,.000,0.0
32,RK,PLAYER,TEAM,AB,R,H,2B,3B,HR,RBI,SB,CS,BB,SO,AVG,OBP,SLG,OPS,WAR
33,,Justin Wilson,NYY,0,0,0,0,0,0,0,0,0,0,0,.000,.000,.000,.000,0.0
34,,Zack Britton,BAL,0,0,0,0,0,0,0,0,0,0,0,.000,.000,.000,.000,0.0
35,,Jordan Lyles,COL,19,0,0,0,0,0,0,0,0,0,11,.000,.000,.000,.000,-0.3
36,,Scott Carroll,CHW,0,0,0,0,0,0,0,0,0,0,0,.000,.000,.000,.000,0.0
37,,Rex Brothers,COL,0,0,0,0,0,0,0,0,0,0,0,.000,.000,.000,.000,0.0
38,,Arodys Vizcaino,ATL,0,0,0,0,0,0,0,0,0,0,0,.000,.000,.000,.000,0.0
39,,Everett Teaford,TB,0,0,0,0,0,0,0,0,0,0,0,.000,.000,.000,.000,0.0
40,,Mike Montgomery,SEA,3,0,0,0,0,0,0,0,0,0,2,.000,.000,.000,.000,-0.0
41,,Randall Delgado,ARI,1,0,0,0,0,0,0,0,0,0,1,.000,.000,.000,.000,0.0
42,,Wade Miley,BOS,2,0,0,0,0,0,0,0,0,0,0,.000,.000,.000,.000,-0.0
0,1041,Gary Sanchez,NYY,2,0,0,0,0,0,0,0,0,0,1,.000,.000,.000,.000,0.0
1,,Martin Perez,TEX,2,0,0,0,0,0,0,0,0,0,2,.000,.000,.000,.000,-0.0
2,,Matt Moore,TB,1,0,0,0,0,0,0,0,0,0,0,.000,.000,.000,.000,-0.0
3,,Adam Warren,NYY,3,0,0,0,0,0,0,0,0,0,1,.000,.000,.000,.000,-0.0
4,,Cesar Cabral,BAL,0,0,0,0,0,0,0,0,0,0,0,.000,.000,.000,.000,0.0
5,,Yoervis Medina,SEA/CHC,0,0,0,0,0,0,0,0,0,0,0,.000,.000,.000,.000,0.0
6,,Stolmy Pimentel,TEX,0,0,0,0,0,0,0,0,0,0,0,.000,.000,.000,.000,0.0
7,,Mike Broadway,SF,0,0,0,0,0,0,0,0,0,0,0,.000,.000,.000,.000,0.0
8,,Brett Oberholtzer,HOU,0,0,0,0,0,0,0,0,0,1,0,.000,1.000,.000,1.000,0.1
9,,Danny Duffy,KC,0,0,0,0,0,0,0,0,0,0,0,.000,.000,.000,.000,0.0
10,RK,PLAYER,TEAM,AB,R,H,2B,3B,HR,RBI,SB,CS,BB,SO,AVG,OBP,SLG,OPS,WAR
11,,Louis Coleman,KC,0,0,0,0,0,0,0,0,0,0,0,.000,.000,.000,.000,0.0
12,,Allen Webster,ARI,11,1,0,0,0,0,0,0,0,0,6,.000,.000,.000,.000,-0.0
13,,Dellin Betances,NYY,0,0,0,0,0,0,0,0,0,0,0,.000,.000,.000,.000,0.0
14,,Manny Banuelos,ATL,3,0,0,0,0,0,0,0,0,0,1,.000,.000,.000,.000,-0.1
15,,Alex Torres,NYM,1,0,0,0,0,0,0,0,0,0,0,.000,.000,.000,.000,0.0
16,,Adam Wilk,LAA,0,0,0,0,0,0,0,0,0,0,0,.000,.000,.000,.000,0.0
17,,Nate Jones,CHW,0,0,0,0,0,0,0,0,0,0,0,.000,.000,.000,.000,0.0
18,,Anthony Bass,TEX,0,0,0,0,0,0,0,0,0,0,0,.000,.000,.000,.000,0.0
19,,Nathan Eovaldi,NYY,5,1,0,0,0,0,0,0,0,0,2,.000,.000,.000,.000,-0.1
20,,Kyle Waldrop,CIN,1,0,0,0,0,0,0,0,0,0,1,.000,.000,.000,.000,-0.0
21,RK,PLAYER,TEAM,AB,R,H,2B,3B,HR,RBI,SB,CS,BB,SO,AVG,OBP,SLG,OPS,WAR
22,,Donovan Hand,CIN,1,0,0,0,0,0,0,0,0,0,0,.000,.000,.000,.000,-0.0
23,,Jake Brigham,ATL,1,0,0,0,0,0,0,0,0,0,1,.000,.000,.000,.000,-0.0
24,,Ryan Jackson,LAA,9,0,0,0,0,0,0,0,0,1,5,.000,.100,.000,.100,-0.4
25,,Anthony Ranaudo,TEX,2,0,0,0,0,0,0,0,0,0,2,.000,.000,.000,.000,-0.0
26,,Aaron Sanchez,TOR,0,0,0,0,0,0,0,0,0,0,0,.000,.000,.000,.000,0.0
27,,Alex Colome,TB,0,0,0,0,0,0,0,0,0,0,0,.000,.000,.000,.000,0.0
28,,Trevor May,MIN,3,0,0,0,0,0,0,0,0,0,3,.000,.000,.000,.000,-0.0
29,,Zach Lee,LAD,2,0,0,0,0,0,0,0,0,0,0,.000,.000,.000,.000,-0.0
30,,David Carpenter,ATL,0,0,0,0,0,0,0,0,0,0,0,.000,.000,.000,.000,0.0
31,,Dusty Coleman,KC,5,0,0,0,0,0,0,0,0,0,3,.000,.000,.000,.000,-0.2
32,RK,PLAYER,TEAM,AB,R,H,2B,3B,HR,RBI,SB,CS,BB,SO,AVG,OBP,SLG,OPS,WAR
33,,Justin Miller,COL,2,0,0,0,0,0,0,0,0,0,2,.000,.000,.000,.000,-0.0
34,,Steve Geltz,TB,0,0,0,0,0,0,0,0,0,0,0,.000,.000,.000,.000,0.0
35,,Drew Hutchison,TOR,0,0,0,0,0,0,0,0,0,0,0,.000,.000,.000,.000,0.0
36,,Luis Avilan,ATL/LAD,1,0,0,0,0,0,0,0,0,0,0,.000,.000,.000,.000,0.0
37,,Pat Venditte,OAK,1,0,0,0,0,0,0,0,0,0,1,.000,.000,.000,.000,-0.0
38,,Addison Reed,NYM/ARI,2,0,0,0,0,0,0,0,0,0,0,.000,.000,.000,.000,0.0
39,,Brad Boxberger,TB,0,0,0,0,0,0,0,0,0,0,0,.000,.000,.000,.000,0.0
40,,Tony Watson,PIT,0,0,0,0,0,0,0,0,0,0,0,.000,.000,.000,.000,0.0
41,,Tom Wilhelmsen,SEA,0,0,0,0,0,0,0,0,0,0,0,.000,.000,.000,.000,0.0
42,,Nate Adcock,CIN,0,0,0,0,0,0,0,0,0,0,0,.000,.000,.000,.000,0.0
0,1081,Ryan Cook,BOS/OAK,0,0,0,0,0,0,0,0,0,0,0,.000,.000,.000,.000,0.0
1,,Nick Vincent,SD,0,0,0,0,0,0,0,0,0,0,0,.000,.000,.000,.000,0.0
2,,Will Smith,MIL,0,0,0,0,0,0,0,0,0,0,0,.000,.000,.000,.000,0.0
3,,Jared Hughes,PIT,0,0,0,0,0,0,0,0,0,0,0,.000,.000,.000,.000,0.1
4,,Alex Wilson,DET,0,0,0,0,0,0,0,0,0,0,0,.000,.000,.000,.000,0.0
5,,Cody Decker,SD,11,0,0,0,0,0,1,0,0,0,5,.000,.000,.000,.000,-0.3
6,,Colt Hynes,TOR,0,0,0,0,0,0,0,0,0,0,0,.000,.000,.000,.000,0.0
7,,Charlie Furbush,SEA,0,0,0,0,0,0,0,0,0,0,0,.000,.000,.000,.000,0.0
8,,Brad Peacock,HOU,0,0,0,0,0,0,0,0,0,0,0,.000,.000,.000,.000,0.0
9,,A.J. Cole,WSH,2,0,0,0,0,0,0,0,0,0,0,.000,.000,.000,.000,-0.1
10,RK,PLAYER,TEAM,AB,R,H,2B,3B,HR,RBI,SB,CS,BB,SO,AVG,OBP,SLG,OPS,WAR
11,,Zac Rosscup,CHC,0,0,0,0,0,0,0,0,0,0,0,.000,.000,.000,.000,0.0
12,,Oliver Drake,BAL,0,0,0,0,0,0,0,0,0,0,0,.000,.000,.000,.000,0.0
13,,Mychal Givens,BAL,0,0,0,0,0,0,0,0,0,0,0,.000,.000,.000,.000,0.0
14,,Jake Odorizzi,TB,4,0,0,0,0,0,0,0,0,0,2,.000,.000,.000,.000,-0.1
15,,Austin Adams,CLE,1,0,0,0,0,0,0,0,0,0,0,.000,.000,.000,.000,-0.0
16,,Jeurys Familia,NYM,0,0,0,0,0,0,0,0,0,0,0,.000,.000,.000,.000,0.0
17,,Kevin Chapman,HOU,0,0,0,0,0,0,0,0,0,0,0,.000,.000,.000,.000,0.0
18,,Tommy Milone,MIN,2,0,0,0,0,0,0,0,0,0,1,.000,.000,.000,.000,-0.0
19,,Cam Bedrosian,LAA,0,0,0,0,0,0,0,0,0,0,0,.000,.000,.000,.000,0.0
20,,Daniel Webb,CHW,0,0,0,0,0,0,0,0,0,0,0,.000,.000,.000,.000,0.0
21,RK,PLAYER,TEAM,AB,R,H,2B,3B,HR,RBI,SB,CS,BB,SO,AVG,OBP,SLG,OPS,WAR
22,,Asher Wojciechowski,HOU,0,0,0,0,0,0,0,0,0,0,0,.000,.000,.000,.000,0.0
23,,Erik Goeddel,NYM,1,0,0,0,0,0,0,0,0,0,0,.000,.000,.000,.000,0.0
24,,Sam Dyson,TEX/MIA,0,0,0,0,0,0,0,0,0,0,0,.000,.000,.000,.000,0.0
25,,Roman Mendez,BOS/TEX,0,0,0,0,0,0,0,0,0,0,0,.000,.000,.000,.000,0.0
26,,Luke Jackson,TEX,0,0,0,0,0,0,0,0,0,0,0,.000,.000,.000,.000,0.0
27,,Justin Grimm,CHC,1,0,0,0,0,0,0,0,0,0,1,.000,.000,.000,.000,0.0
28,,Liam Hendriks,TOR,0,0,0,0,0,0,0,0,0,1,0,.000,1.000,.000,1.000,0.1
29,,Kyle Lobstein,DET,0,0,0,0,0,0,0,0,0,0,0,.000,.000,.000,.000,0.0
30,,Jeff Bianchi,BOS,2,0,0,0,0,0,0,0,0,0,0,.000,.000,.000,.000,-0.0
31,,Jose De Paula,NYY,0,0,0,0,0,0,0,0,0,0,0,.000,.000,.000,.000,0.0
32,RK,PLAYER,TEAM,AB,R,H,2B,3B,HR,RBI,SB,CS,BB,SO,AVG,OBP,SLG,OPS,WAR
33,,Robbie Erlin,SD,5,0,0,0,0,0,0,0,0,0,1,.000,.000,.000,.000,-0.1
34,,Kendry Flores,MIA,1,0,0,0,0,0,0,0,0,0,1,.000,.000,.000,.000,-0.0
35,,Preston Guilmet,MIL/TB,0,0,0,0,0,0,0,0,0,0,0,.000,.000,.000,.000,0.0
36,,Eric Surkamp,LAD,0,0,0,0,0,0,0,0,0,0,0,.000,.000,.000,.000,0.0
37,,Drew Smyly,TB,0,0,0,0,0,0,0,0,0,0,0,.000,.000,.000,.000,0.0
38,,Edgar Olmos,SEA,0,0,0,0,0,0,0,0,0,0,0,.000,.000,.000,.000,0.0
39,,Heath Hembree,BOS,0,0,0,0,0,0,0,0,0,0,0,.000,.000,.000,.000,0.0
40,,Jake Petricka,CHW,0,0,0,0,0,0,0,0,0,0,0,.000,.000,.000,.000,0.0
41,,Joe Wieland,LAD,1,0,0,0,0,0,0,0,0,0,1,.000,.000,.000,.000,-0.0
42,,Chase Whitley,NYY,0,0,0,0,0,0,0,0,0,0,0,.000,.000,.000,.000,0.0
0,1121,Edgar Ibarra,LAA,0,0,0,0,0,0,0,0,0,0,0,.000,.000,.000,.000,0.0
1,,Tommy Kahnle,COL,0,0,0,0,0,0,0,0,0,0,0,.000,.000,.000,.000,0.0
2,,Yordano Ventura,KC,6,0,0,0,0,0,0,0,0,0,5,.000,.000,.000,.000,-0.1
3,,Vince Velasquez,HOU,0,0,0,0,0,0,0,0,0,0,0,.000,.000,.000,.000,0.0
4,,Ian Krol,DET,0,0,0,0,0,0,0,0,0,0,0,.000,.000,.000,.000,0.0
5,,Shawn Tolleson,TEX,0,0,0,0,0,0,0,0,0,0,0,.000,.000,.000,.000,0.0
6,,Tyler Thornburg,MIL,3,0,0,0,0,0,0,0,0,0,1,.000,.000,.000,.000,-0.0
7,,Bryan Mitchell,NYY,1,0,0,0,0,0,0,0,0,0,1,.000,.000,.000,.000,-0.0
8,,Rob Scahill,PIT,0,0,0,0,0,0,0,0,0,0,0,.000,.000,.000,.000,0.0
9,,Keyvius Sampson,CIN,16,1,0,0,0,0,0,0,0,0,11,.000,.000,.000,.000,-0.1
10,RK,PLAYER,TEAM,AB,R,H,2B,3B,HR,RBI,SB,CS,BB,SO,AVG,OBP,SLG,OPS,WAR
11,,Andre Rienzo,MIA,2,0,0,0,0,0,0,0,0,0,0,.000,.000,.000,.000,-0.0
12,,Enny Romero,TB,0,0,0,0,0,0,0,0,0,0,0,.000,.000,.000,.000,0.0
13,,Bruce Rondon,DET,0,0,0,0,0,0,0,0,0,0,0,.000,.000,.000,.000,0.0
14,,Trevor Rosenthal,STL,1,0,0,0,0,0,0,0,0,0,1,.000,.000,.000,.000,0.0
15,,Seth Rosin,PHI,0,0,0,0,0,0,0,0,0,0,0,.000,.000,.000,.000,0.0
16,,Michael Choice,TEX,1,0,0,0,0,0,0,0,0,0,1,.000,.000,.000,.000,-0.1
17,,James Paxton,SEA,2,0,0,0,0,0,0,0,0,0,2,.000,.000,.000,.000,-0.0
18,,Erasmo Ramirez,TB,2,0,0,0,0,0,0,0,0,0,2,.000,.000,.000,.000,-0.0
19,,Cory Rasmus,LAA,1,0,0,0,0,0,0,0,0,0,0,.000,.000,.000,.000,-0.0
20,,Steve Lombardozzi,PIT,10,1,0,0,0,0,0,0,0,1,4,.000,.091,.000,.091,-0.3
21,RK,PLAYER,TEAM,AB,R,H,2B,3B,HR,RBI,SB,CS,BB,SO,AVG,OBP,SLG,OPS,WAR
22,,Steve Delabar,TOR,0,0,0,0,0,0,0,0,0,0,0,.000,.000,.000,.000,0.0
23,,Xavier Cedeno,WSH/TB,0,0,0,0,0,0,0,0,0,0,0,.000,.000,.000,.000,0.0
24,,Kelvin Herrera,KC,0,0,0,0,0,0,0,0,0,0,0,.000,.000,.000,.000,0.0
25,,Lucas Luetge,SEA,0,0,0,0,0,0,0,0,0,0,0,.000,.000,.000,.000,0.0
26,,Matt West,LAD,0,0,0,0,0,0,0,0,0,0,0,.000,.000,.000,.000,0.0
27,,Ariel Pena,MIL,7,0,0,0,0,0,0,0,0,0,6,.000,.000,.000,.000,-0.1
28,,Jeff Beliveau,TB,0,0,0,0,0,0,0,0,0,0,0,.000,.000,.000,.000,0.0
29,,Tsuyoshi Wada,CHC,8,1,0,0,0,0,0,0,0,1,5,.000,.111,.000,.111,-0.1
30,,Rafael Martin,WSH,0,0,0,0,0,0,0,0,0,0,0,.000,.000,.000,.000,0.0
31,,Wei-Yin Chen,BAL,0,0,0,0,0,0,0,0,0,0,0,.000,.000,.000,.000,0.0
32,RK,PLAYER,TEAM,AB,R,H,2B,3B,HR,RBI,SB,CS,BB,SO,AVG,OBP,SLG,OPS,WAR
33,,Robbie Ross Jr.,BOS,0,0,0,0,0,0,0,0,0,0,0,.000,.000,.000,.000,0.0
34,,Chen-Chang Lee,CLE,0,0,0,0,0,0,0,0,0,0,0,.000,.000,.000,.000,0.0
35,,Nick Greenwood,STL,0,0,0,0,0,0,0,0,0,0,0,.000,.000,.000,.000,0.0
36,,Matt Shoemaker,LAA,1,0,0,0,0,0,0,0,0,1,0,.000,.500,.000,.500,0.0
37,,Kevin Siegrist,STL,0,0,0,0,0,0,0,0,0,0,0,.000,.000,.000,.000,0.0
38,,Sam Freeman,TEX,0,0,0,0,0,0,0,0,0,0,0,.000,.000,.000,.000,0.0
39,,Danny Salazar,CLE,4,0,0,0,0,0,0,0,0,0,4,.000,.000,.000,.000,-0.1
40,,Jose Alvarez,LAA,0,0,0,0,0,0,0,0,0,0,0,.000,.000,.000,.000,0.0
41,,Evan Marshall,ARI,0,0,0,0,0,0,0,0,0,0,0,.000,.000,.000,.000,0.0
42,,Danny Burawa,NYY/ATL,0,0,0,0,0,0,0,0,0,0,0,.000,.000,.000,.000,0.0
0,1161,AJ Ramos,MIA,0,0,0,0,0,0,0,0,0,0,0,.000,.000,.000,.000,0.0
1,,Jose Quintana,CHW,8,0,0,0,0,0,0,0,0,0,5,.000,.000,.000,.000,-0.1
2,,Ryan Tepera,TOR,0,0,0,0,0,0,0,0,0,0,0,.000,.000,.000,.000,0.0
3,,Garin Cecchini,BOS,4,0,0,0,0,0,0,0,0,0,3,.000,.000,.000,.000,-0.1
4,,J.R. Graham,MIN,0,0,0,0,0,0,0,0,0,0,0,.000,.000,.000,.000,0.0
5,,Tony Cingrani,CIN,2,1,0,0,0,0,1,0,0,0,1,.000,.000,.000,.000,0.1
6,,Matt Barnes,BOS,0,0,0,0,0,0,0,0,0,0,0,.000,.000,.000,.000,0.0
7,,Chris Reed,MIA,0,0,0,0,0,0,0,0,0,0,0,.000,.000,.000,.000,0.0
8,,Adrian Houser,MIL,0,0,0,0,0,0,0,0,0,0,0,.000,.000,.000,.000,0.0
9,,Alex Meyer,MIN,0,0,0,0,0,0,0,0,0,0,0,.000,.000,.000,.000,0.0
10,RK,PLAYER,TEAM,AB,R,H,2B,3B,HR,RBI,SB,CS,BB,SO,AVG,OBP,SLG,OPS,WAR
11,,Erik Johnson,CHW,0,0,0,0,0,0,0,0,0,0,0,.000,.000,.000,.000,0.0
12,,Jake Diekman,TEX/PHI,0,0,0,0,0,0,0,0,0,0,0,.000,.000,.000,.000,0.0
13,,Tony Zych,SEA,0,0,0,0,0,0,0,0,0,0,0,.000,.000,.000,.000,0.0
14,,Blake Treinen,WSH,2,0,0,0,0,0,0,0,0,0,1,.000,.000,.000,.000,-0.0
15,,Cody Allen,CLE,0,0,0,0,0,0,0,0,0,0,0,.000,.000,.000,.000,0.0
16,,A.J. Schugel,ARI,0,0,0,0,0,0,0,0,0,0,0,.000,.000,.000,.000,0.0
17,,Andrew McKirahan,ATL,1,0,0,0,0,0,0,0,0,0,1,.000,.000,.000,.000,0.0
18,,Marcus Hatley,STL,0,0,0,0,0,0,0,0,0,0,0,.000,.000,.000,.000,0.0
19,,Hector Neris,PHI,1,0,0,0,0,0,0,0,0,0,1,.000,.000,.000,.000,0.0
20,,Kevin Quackenbush,SD,0,0,0,0,0,0,0,0,0,0,0,.000,.000,.000,.000,0.0
21,RK,PLAYER,TEAM,AB,R,H,2B,3B,HR,RBI,SB,CS,BB,SO,AVG,OBP,SLG,OPS,WAR
22,,Aaron Loup,TOR,0,0,0,0,0,0,0,0,0,0,0,.000,.000,.000,.000,0.0
23,,Michael Mariot,KC,0,0,0,0,0,0,0,0,0,0,0,.000,.000,.000,.000,0.0
24,,Rob Wooten,MIL,1,0,0,0,0,0,0,0,0,0,0,.000,.000,.000,.000,-0.0
25,,Colton Murray,PHI,0,0,0,0,0,0,0,0,0,0,0,.000,.000,.000,.000,0.0
26,,Caleb Thielbar,MIN,0,0,0,0,0,0,0,0,0,0,0,.000,.000,.000,.000,0.0
27,,Bo Schultz,TOR,0,0,0,0,0,0,0,0,0,0,0,.000,.000,.000,.000,0.0
28,,Brett Bochy,SF,0,0,0,0,0,0,0,0,0,0,0,.000,.000,.000,.000,0.0
29,,C.J. Riefenhauser,TB,0,0,0,0,0,0,0,0,0,0,0,.000,.000,.000,.000,0.0
30,,Matt Andriese,TB,1,0,0,0,0,0,0,0,0,0,0,.000,.000,.000,.000,-0.0
31,,J.J. Hoover,CIN,0,0,0,0,0,0,0,0,0,0,0,.000,.000,.000,.000,0.0
32,RK,PLAYER,TEAM,AB,R,H,2B,3B,HR,RBI,SB,CS,BB,SO,AVG,OBP,SLG,OPS,WAR
33,,Felipe Vazquez,WSH,0,0,0,0,0,0,0,0,0,0,0,.000,.000,.000,.000,0.0
34,,Dan Straily,HOU,0,0,0,0,0,0,0,0,0,0,0,.000,.000,.000,.000,0.0
35,,Will Harris,HOU,1,0,0,0,0,0,0,0,0,0,1,.000,.000,.000,.000,-0.0
36,,Paco Rodriguez,LAD,0,0,0,0,0,0,0,0,0,0,0,.000,.000,.000,.000,0.0
37,,Kyuji Fujikawa,TEX,0,0,0,0,0,0,0,0,0,0,0,.000,.000,.000,.000,0.0
38,,Steven Wright,BOS,1,0,0,0,0,0,0,0,0,0,0,.000,.000,.000,.000,-0.0
39,,Hunter Strickland,SF,1,0,0,0,0,0,0,0,0,0,1,.000,.000,.000,.000,0.0
40,,Michael Tonkin,MIN,0,0,0,0,0,0,0,0,0,0,0,.000,.000,.000,.000,0.0
41,,Brandon Maurer,SD,0,0,0,0,0,0,0,0,0,0,0,.000,.000,.000,.000,0.0
42,,Carlos Contreras,CIN,0,0,0,0,0,0,0,0,0,0,0,.000,.000,.000,.000,0.0
