,RK,PLAYER,TEAM,GP,GS,IP,H,R,ER,BB,SO,W,L,SV,BLSV,WAR,WHIP,ERA
0,1,Jeff Cirillo,MIN/ARI,1,0,1.0,0,0,0,2,1,0,0,0,0,0.0,2.00,0.00
1,,Scott Spiezio,STL,1,0,1.0,0,0,0,1,0,0,0,0,0,0.0,1.00,0.00
2,,Jason Wood,FLA,1,0,1.0,0,0,0,0,0,0,0,0,0,0.0,0.00,0.00
3,,Augie Ojeda,ARI,1,0,1.0,0,0,0,0,0,0,0,0,0,0.0,0.00,0.00
4,,Randy Choate,ARI,2,0,0.0,3,0,0,0,0,0,0,0,0,0.0,0.00,0.00
5,,Mike Schultz,ARI,1,0,1.0,1,0,0,0,1,0,0,0,0,0.0,1.00,0.00
6,,Matt Miller,CLE,2,0,1.0,2,0,0,0,0,0,0,0,0,0.1,2.00,0.00
7,,Jon Adkins,NYM,1,0,1.0,0,0,0,0,0,0,0,0,0,0.0,0.00,0.00
8,,Aaron Rakers,SD,1,0,1.0,1,0,0,0,0,0,0,0,0,0.0,1.00,0.00
9,,Josh Wilson,WAS/TB,1,0,1.0,1,0,0,1,0,0,0,0,0,0.0,2.00,0.00
10,RK,PLAYER,TEAM,GP,GS,IP,H,R,ER,BB,SO,W,L,SV,BLSV,WAR,WHIP,ERA
11,,Jamie Vermilyea,TOR,2,0,6.0,5,0,0,0,2,0,0,0,0,0.2,0.83,0.00
12,,Joe Bisenius,PHI,2,0,2.0,2,0,0,2,3,0,0,0,0,0.1,2.00,0.00
13,,Darren Clarke,COL,2,0,1.1,2,0,0,1,1,0,0,0,0,0.0,2.25,0.00
14,,Ross Detwiler,WAS,1,0,1.0,0,0,0,0,1,0,0,0,0,0.0,0.00,0.00
15,15,Joba Chamberlain,NYY,19,0,24.0,12,2,1,6,34,2,0,1,0,1.3,0.75,0.38
16,16,Kevin Hart,CHC,8,0,11.0,7,1,1,4,13,0,0,0,0,0.4,1.00,0.82
17,17,Lance Broadway,CWS,4,1,10.1,5,2,1,5,14,1,1,0,0,0.5,0.97,0.87
18,18,Dennis Sarfate,HOU,7,0,8.1,5,1,1,1,14,1,0,0,0,0.4,0.72,1.08
19,,Joey Devine,ATL,10,0,8.1,7,1,1,8,7,1,0,0,0,0.3,1.80,1.08
20,20,Tyler Walker,SF,15,0,14.1,12,2,2,4,9,2,0,0,1,0.7,1.12,1.26
21,RK,PLAYER,TEAM,GP,GS,IP,H,R,ER,BB,SO,W,L,SV,BLSV,WAR,WHIP,ERA
22,21,Joe Thatcher,SD,22,0,21.0,13,6,3,6,16,2,2,0,0,0.5,0.90,1.29
23,22,Logan Kensing,FLA,9,0,13.1,11,2,2,7,13,3,0,0,0,0.6,1.35,1.35
24,23,J.J. Putz,SEA,68,0,71.2,37,11,11,13,82,6,1,40,2,3.9,0.70,1.38
25,24,Takashi Saito,LA,63,0,64.1,33,10,10,13,78,2,1,39,4,3.4,0.72,1.40
26,25,Carlos Marmol,CHC,59,0,69.1,41,11,11,35,96,5,1,1,1,2.9,1.10,1.43
27,26,Rafael Betancourt,CLE,68,0,79.1,51,13,13,9,80,5,1,3,3,4.2,0.76,1.47
28,27,Mike Gonzalez,ATL,18,0,17.0,15,3,3,8,13,2,0,2,0,0.6,1.35,1.59
29,,Clay Buchholz,BOS,4,3,22.2,14,6,4,10,22,3,1,0,0,0.9,1.06,1.59
30,29,Rafael Perez,CLE,44,0,60.2,41,15,12,15,62,1,2,1,1,2.2,0.92,1.78
31,30,Troy Percival,STL,34,1,40.0,24,8,8,10,36,3,0,0,0,1.1,0.85,1.80
32,RK,PLAYER,TEAM,GP,GS,IP,H,R,ER,BB,SO,W,L,SV,BLSV,WAR,WHIP,ERA
33,,Peter Moylan,ATL,80,0,90.0,65,27,18,31,63,5,3,1,1,1.8,1.07,1.80
34,32,Jonathan Papelbon,BOS,59,0,58.1,30,12,12,15,84,1,3,37,3,3.0,0.77,1.85
35,33,Joe Nathan,MIN,68,0,71.2,54,15,15,19,77,4,2,37,4,2.8,1.02,1.88
36,,Jonathan Albaladejo,WAS,14,0,14.1,7,3,3,2,12,1,1,0,1,0.6,0.63,1.88
37,35,Ian Kennedy,NYY,3,3,19.0,13,6,4,9,15,1,0,0,0,0.6,1.16,1.89
38,36,J.C. Romero,BOS/PHI,74,0,56.1,39,12,12,40,42,2,2,1,1,1.7,1.40,1.92
39,37,Bryan Corey,BOS,9,0,9.1,6,2,2,4,6,1,0,0,0,0.3,1.07,1.93
40,38,Lee Gardner,FLA,62,0,74.1,72,19,16,18,52,3,4,2,0,2.6,1.21,1.94
41,39,Henry Owens,FLA,22,0,23.0,19,7,5,10,16,2,0,4,1,0.7,1.26,1.96
42,40,Heath Bell,SD,81,0,93.2,60,21,21,30,102,6,4,2,4,3.2,0.96,2.02
0,41,Manny Delcarmen,BOS,44,0,44.0,28,11,10,17,41,0,0,1,1,1.5,1.02,2.05
1,42,Manny Corpas,COL,78,0,78.0,63,20,18,20,58,4,2,19,3,2.8,1.06,2.08
2,43,Luke Hochevar,KC,4,1,12.2,11,4,3,4,5,0,1,0,0,0.3,1.18,2.13
3,44,Jeremy Accardo,TOR,64,0,67.1,51,19,16,24,57,4,4,30,5,2.1,1.11,2.14
4,45,Jensen Lewis,CLE,26,0,29.1,26,8,7,10,34,1,1,0,0,0.8,1.23,2.15
5,46,Scott Downs,TOR,81,0,58.0,47,15,14,24,57,4,2,1,3,1.9,1.22,2.17
6,47,Russ Springer,STL,76,0,66.0,41,18,16,19,66,8,1,0,2,1.6,0.91,2.18
7,48,Hideki Okajima,BOS,66,0,69.0,50,17,17,17,63,3,2,5,2,2.9,0.97,2.22
8,49,Lee Gronkiewicz,TOR,1,0,4.0,2,1,1,2,2,0,0,0,0,0.1,1.00,2.25
9,,Luis Mendoza,TEX,6,3,16.0,13,4,4,4,7,1,0,0,0,0.6,1.06,2.25
10,RK,PLAYER,TEAM,GP,GS,IP,H,R,ER,BB,SO,W,L,SV,BLSV,WAR,WHIP,ERA
11,51,Matt Capps,PIT,76,0,79.0,64,22,20,16,64,4,7,18,3,2.6,1.01,2.28
12,52,Yorman Bazardo,DET,11,2,23.2,19,7,6,5,15,2,1,0,0,0.6,1.01,2.28
13,,Brian Wilson,SF,24,0,23.2,16,6,6,7,18,1,2,6,1,0.9,0.97,2.28
14,,Manny Acosta,ATL,21,0,23.2,13,6,6,14,22,1,1,0,0,0.7,1.14,2.28
15,55,Bobby Seay,DET,58,0,46.1,38,12,12,15,38,3,0,1,1,1.4,1.14,2.33
16,56,Matt Guerrier,MIN,73,0,88.0,71,23,23,21,68,2,4,1,3,2.5,1.05,2.35
17,57,Casey Janssen,TOR,70,0,72.2,67,22,19,20,39,2,3,6,5,1.8,1.20,2.35
18,58,George Sherrill,SEA,73,0,45.2,28,12,12,17,56,2,0,3,4,1.8,0.99,2.36
19,59,Damaso Marte,PIT,65,0,45.1,32,14,12,18,51,2,0,0,0,1.2,1.10,2.38
20,60,David Riske,KC,65,0,69.2,61,19,19,27,52,1,4,4,4,2.1,1.26,2.45
21,RK,PLAYER,TEAM,GP,GS,IP,H,R,ER,BB,SO,W,L,SV,BLSV,WAR,WHIP,ERA
22,,Rich Harden,OAK,7,4,25.2,18,7,7,11,27,1,2,0,0,0.9,1.13,2.45
23,62,Joakim Soria,KC,62,0,69.0,46,20,19,19,75,2,3,17,4,2.3,0.94,2.48
24,63,Jason Isringhausen,STL,63,0,65.1,42,21,18,28,54,4,0,32,2,1.5,1.07,2.48
25,64,Akinori Otsuka,TEX,34,0,32.1,26,10,9,9,23,2,1,4,3,1.1,1.08,2.51
26,65,Jared Burton,CIN,47,0,43.0,28,15,12,22,36,4,2,0,3,1.1,1.16,2.51
27,66,Jake Peavy,SD,34,34,223.1,169,67,63,68,240,19,6,0,0,5.9,1.06,2.54
28,67,Ron Mahay,TEX/ATL,58,0,67.0,52,20,19,37,55,3,0,1,1,1.1,1.33,2.55
29,68,Pedro Martinez,NYM,5,5,28.0,33,11,8,7,32,3,1,0,0,0.6,1.43,2.57
30,69,Billy Wagner,NYM,66,0,68.1,55,22,20,22,80,2,2,34,5,1.6,1.13,2.63
31,70,Jose Valverde,ARI,65,0,64.1,46,21,19,26,78,1,4,47,7,2.2,1.12,2.66
32,RK,PLAYER,TEAM,GP,GS,IP,H,R,ER,BB,SO,W,L,SV,BLSV,WAR,WHIP,ERA
33,71,Brandon Lyon,ARI,73,0,74.0,70,25,22,22,40,6,4,2,3,2.0,1.24,2.68
34,72,Royce Ring,ATL/SD,26,0,20.0,13,8,6,17,21,1,0,0,0,-0.1,1.50,2.70
35,,Justin Hampson,SD,39,0,53.1,48,17,16,16,34,2,3,0,0,1.0,1.20,2.70
36,74,Doug Slaten,ARI,61,0,36.1,41,15,11,14,28,3,2,0,1,0.7,1.51,2.72
37,75,Ehren Wassermann,CWS,33,0,23.0,20,9,7,7,14,1,1,0,1,0.7,1.17,2.74
38,76,Bobby Jenks,CWS,66,0,65.0,45,20,20,13,56,3,5,40,6,2.7,0.89,2.77
39,77,Kevin Cameron,SD,48,0,58.0,55,24,18,36,50,2,0,0,0,0.5,1.57,2.79
40,78,Francisco Rodriguez,LAA,64,0,67.1,50,22,21,34,90,5,2,40,6,2.1,1.25,2.81
41,79,Erasmo Ramirez,OAK/FLA,7,0,6.1,7,2,2,3,1,0,0,0,0,0.1,1.58,2.84
42,,Jason Bulger,LAA,6,0,6.1,5,2,2,3,8,0,0,0,0,0.1,1.26,2.84
0,81,Ross Ohlendorf,NYY,6,0,6.1,5,2,2,2,9,0,0,0,0,0.1,1.11,2.84
1,82,Joaquin Benoit,TEX,70,0,82.0,68,28,26,28,87,7,4,6,7,2.3,1.17,2.85
2,,Jonathan Broxton,LA,83,0,82.0,69,30,26,25,99,4,4,2,6,1.7,1.15,2.85
3,84,Justin Speier,LAA,51,0,50.0,36,17,16,12,47,2,3,0,1,1.3,0.96,2.88
4,,Huston Street,OAK,48,0,50.0,35,20,16,12,63,5,2,16,5,0.8,0.94,2.88
5,86,Aaron Fultz,CLE,49,0,37.0,31,12,12,18,28,4,3,0,1,1.1,1.32,2.92
6,87,Pat Neshek,MIN,74,0,70.1,44,25,23,27,74,7,2,0,3,1.4,1.01,2.94
7,88,Matt Herges,COL,35,0,48.2,34,17,16,15,30,5,1,0,2,1.2,1.01,2.96
8,89,Brian Wolfe,TOR,38,0,45.1,36,17,15,9,22,3,1,0,2,0.6,0.99,2.98
9,90,Trevor Hoffman,SD,61,0,57.1,49,21,19,15,44,4,5,42,7,0.9,1.12,2.98
10,RK,PLAYER,TEAM,GP,GS,IP,H,R,ER,BB,SO,W,L,SV,BLSV,WAR,WHIP,ERA
11,91,Francisco Cordero,MIL,66,0,63.1,52,23,21,18,86,0,4,44,7,1.6,1.11,2.98
12,92,Rafael Soriano,ATL,71,0,72.0,47,26,24,15,70,3,3,9,3,1.2,0.86,3.00
13,93,Brandon Webb,ARI,34,34,236.1,209,91,79,72,194,18,10,0,0,6.1,1.19,3.01
14,94,John Lackey,LAA,33,33,224.0,219,87,75,52,179,19,9,0,0,6.0,1.21,3.01
15,95,Jimmy Gobble,KC,74,0,53.2,56,23,18,23,50,4,1,1,2,0.8,1.47,3.02
16,,Zach Miner,DET,34,1,53.2,56,22,18,22,34,3,4,0,2,0.8,1.45,3.02
17,97,Brian Shouse,MIL,73,0,47.2,46,19,16,14,32,1,1,1,3,1.0,1.26,3.02
18,98,Brad Penny,LA,33,33,208.0,199,75,70,73,135,16,4,0,0,5.7,1.31,3.03
19,99,C.J. Wilson,TEX,66,0,68.1,50,25,23,33,63,2,1,12,2,1.6,1.21,3.03
20,100,Aaron Heilman,NYM,81,0,86.0,72,36,29,20,63,7,7,1,5,0.9,1.07,3.03
21,RK,PLAYER,TEAM,GP,GS,IP,H,R,ER,BB,SO,W,L,SV,BLSV,WAR,WHIP,ERA
22,101,Ryan Franklin,STL,69,0,80.0,70,28,27,11,44,4,4,1,5,1.5,1.01,3.04
23,102,Brendan Donnelly,BOS,27,0,20.2,19,8,7,5,15,2,1,0,0,0.5,1.16,3.05
24,,Chad Qualls,HOU,79,0,82.2,84,29,28,25,78,6,5,5,5,2.4,1.32,3.05
25,104,Doug Brocail,SD,67,0,76.2,66,33,26,24,43,5,1,0,0,0.6,1.17,3.05
26,105,Ryan Madson,PHI,38,0,56.0,48,19,19,23,43,2,2,1,1,1.1,1.27,3.05
27,106,Roberto Hernandez,CLE,32,32,215.0,199,78,73,61,137,19,8,0,0,5.9,1.21,3.06
28,107,Dan Haren,OAK,34,34,222.2,214,91,76,55,192,15,9,0,0,4.3,1.21,3.07
29,108,Brian Fuentes,COL,64,0,61.1,46,26,21,23,56,3,5,20,7,1.0,1.13,3.08
30,109,Matt Lindstrom,FLA,71,0,67.0,66,27,23,21,62,3,4,0,2,1.2,1.30,3.09
31,110,Pedro Feliciano,NYM,78,0,64.0,47,26,22,31,61,2,2,2,1,0.9,1.22,3.09
32,RK,PLAYER,TEAM,GP,GS,IP,H,R,ER,BB,SO,W,L,SV,BLSV,WAR,WHIP,ERA
33,111,Juan Cruz,ARI,53,0,61.0,45,28,21,32,87,6,1,0,0,0.5,1.26,3.10
34,,Javier Lopez,BOS,61,0,40.2,36,16,14,18,26,2,1,0,2,1.0,1.33,3.10
35,113,John Smoltz,ATL,32,32,205.2,196,78,71,47,197,14,8,0,0,4.3,1.18,3.11
36,114,Chris Young,SD,30,30,173.0,118,66,60,72,167,9,8,0,0,3.4,1.10,3.12
37,115,Glen Perkins,MIN,19,0,28.2,23,10,10,12,20,0,0,0,0,0.5,1.22,3.14
38,116,Mariano Rivera,NYY,67,0,71.1,68,25,25,12,74,3,4,30,4,1.9,1.12,3.15
39,117,Erik Bedard,BAL,28,28,182.0,141,66,64,57,221,13,5,0,0,5.5,1.09,3.16
40,118,Chris Schroder,WAS,37,0,45.1,36,19,16,15,43,2,3,0,0,0.6,1.13,3.18
41,119,Roy Oswalt,HOU,33,32,212.0,221,80,75,60,154,14,7,0,0,6.4,1.33,3.18
42,120,Luis Ayala,WAS,44,0,42.1,43,16,15,12,28,2,2,1,1,0.8,1.30,3.19
0,121,Tim Byrdak,DET,39,0,45.0,38,23,16,26,49,3,0,1,1,0.2,1.42,3.20
1,122,CC Sabathia,CLE,34,34,241.0,238,94,86,37,209,19,7,0,0,6.0,1.14,3.21
2,123,Jamie Walker,BAL,81,0,61.1,57,25,22,17,41,3,2,7,6,1.4,1.21,3.23
3,124,Tony Pena,ARI,75,0,85.1,63,36,31,31,63,5,4,2,3,1.3,1.10,3.27
4,125,Josh Beckett,BOS,30,30,200.2,189,76,73,40,194,20,7,0,0,6.2,1.14,3.27
5,126,Scott Dohmann,TB,31,0,32.2,29,13,12,18,26,3,0,0,0,0.8,1.44,3.31
6,,Chad Billingsley,LA,43,20,147.0,131,56,54,64,141,12,5,0,1,3.4,1.33,3.31
7,128,Bob Howry,CHC,78,0,81.1,76,31,30,19,72,6,7,8,4,1.6,1.17,3.32
8,129,Kerry Wood,CHC,22,0,24.1,18,9,9,13,24,1,1,0,0,0.4,1.27,3.33
9,,Johan Santana,MIN,33,33,219.0,183,88,81,52,235,15,13,0,0,4.7,1.07,3.33
10,RK,PLAYER,TEAM,GP,GS,IP,H,R,ER,BB,SO,W,L,SV,BLSV,WAR,WHIP,ERA
11,131,Tim Hudson,ATL,34,34,224.1,221,87,83,53,132,16,10,0,0,4.4,1.22,3.33
12,132,Chad Bradford,BAL,78,0,64.2,77,28,24,16,29,4,7,2,5,1.3,1.44,3.34
13,133,Brad Lidge,HOU,66,0,67.0,54,29,25,30,88,5,3,19,8,1.1,1.25,3.36
14,134,Chad Cordero,WAS,76,0,75.0,75,31,28,29,62,3,3,37,9,1.2,1.39,3.36
15,135,John Thomson,KC,2,2,10.2,13,5,4,3,3,1,1,0,0,0.1,1.50,3.38
16,,Blaine Boyer,ATL,5,0,5.1,10,3,2,1,3,0,0,0,0,0.0,2.06,3.38
17,,Troy Cate,STL,14,0,16.0,18,7,6,9,12,0,0,0,0,0.1,1.69,3.38
18,138,Cole Hamels,PHI,28,28,183.1,163,72,69,43,177,15,5,0,0,3.8,1.12,3.39
19,139,Kelvim Escobar,LAA,30,30,195.2,182,79,74,66,160,18,7,0,0,4.7,1.27,3.40
20,140,Mike Timlin,BOS,50,0,55.1,46,23,21,14,31,2,1,1,0,0.9,1.08,3.42
21,RK,PLAYER,TEAM,GP,GS,IP,H,R,ER,BB,SO,W,L,SV,BLSV,WAR,WHIP,ERA
22,,LaTroy Hawkins,COL,62,0,55.1,52,21,21,16,29,2,5,0,5,1.1,1.23,3.42
23,142,Shawn Hill,WAS,16,16,97.1,86,42,37,25,65,4,5,0,0,2.0,1.14,3.42
24,143,Ambiorix Burgos,NYM,17,0,23.2,17,10,9,9,19,1,0,0,0,0.2,1.10,3.42
25,144,Brad Hennessey,SF,69,0,68.1,66,26,26,23,40,4,5,19,5,1.6,1.30,3.42
26,145,Franklin Morales,COL,8,8,39.1,34,15,15,14,26,3,2,0,0,1.0,1.22,3.43
27,146,Joe Smith,NYM,54,0,44.1,48,18,17,21,45,3,2,0,0,0.6,1.56,3.45
28,147,Kevin Correia,SF,59,8,101.2,94,39,39,40,80,4,7,0,3,2.2,1.32,3.45
29,148,Jeff Bennett,ATL,3,2,13.0,14,5,5,3,14,2,1,0,0,0.2,1.31,3.46
30,149,Brian Tallet,TOR,48,0,62.1,49,26,24,28,54,2,4,0,3,0.6,1.24,3.47
31,150,Scott Kazmir,TB,34,34,206.2,196,91,80,89,239,13,9,0,0,5.5,1.38,3.48
32,RK,PLAYER,TEAM,GP,GS,IP,H,R,ER,BB,SO,W,L,SV,BLSV,WAR,WHIP,ERA
33,,Michael Wuertz,CHC,73,0,72.1,64,30,28,35,79,2,3,0,0,1.0,1.37,3.48
34,152,Cla Meredith,SD,80,0,79.2,94,38,31,17,59,5,6,0,5,0.3,1.39,3.50
35,153,Jeremy Affeldt,COL,75,0,59.0,47,26,23,33,46,4,3,0,4,0.9,1.36,3.51
36,154,Kevin Gregg,FLA,74,0,84.0,63,34,33,40,87,0,5,32,4,1.7,1.23,3.54
37,155,Chris Britton,NYY,11,0,12.2,9,5,5,4,5,0,1,0,0,0.2,1.03,3.55
38,,Troy Patton,HOU,3,2,12.2,10,6,5,4,8,0,2,0,0,0.2,1.11,3.55
39,157,Oliver Perez,NYM,29,29,177.0,153,90,70,79,174,15,10,0,0,1.6,1.31,3.56
40,158,Adam Loewen,BAL,6,6,30.1,27,14,12,26,22,2,0,0,0,0.7,1.75,3.56
41,,Angel Guzman,CHC,12,3,30.1,32,12,12,9,26,0,1,0,1,0.6,1.35,3.56
42,160,Vinnie Chulk,SF,57,0,53.0,53,22,21,14,41,5,4,0,2,0.8,1.26,3.57
0,161,Ron Flores,OAK,17,0,17.2,16,8,7,12,15,0,2,0,1,0.1,1.58,3.57
1,162,Chad Paronto,ATL,41,0,40.1,47,20,16,19,14,3,1,1,1,0.1,1.64,3.57
2,163,Bob Wickman,ATL/ARI,57,0,50.1,54,24,20,21,37,3,4,20,6,-0.1,1.49,3.58
3,164,David Weathers,CIN,70,0,77.2,67,33,31,27,48,2,6,33,6,1.8,1.21,3.59
4,165,Mitch Stetter,MIL,6,0,5.0,2,2,2,2,4,1,0,0,0,0.1,0.80,3.60
5,166,Jon Rauch,WAS,88,0,87.1,75,37,35,21,71,8,4,4,6,1.2,1.10,3.61
6,167,Jamey Wright,TEX,20,9,77.0,72,35,31,41,39,4,5,0,0,1.3,1.47,3.62
7,168,Mark Buehrle,CWS,30,30,201.0,208,86,81,45,115,10,9,0,0,5.9,1.26,3.63
8,169,Tim Redding,WAS,15,15,84.0,84,35,34,38,47,3,6,0,0,1.7,1.45,3.64
9,170,Matt Cain,SF,32,32,200.0,173,84,81,79,163,7,16,0,0,4.4,1.26,3.65
10,RK,PLAYER,TEAM,GP,GS,IP,H,R,ER,BB,SO,W,L,SV,BLSV,WAR,WHIP,ERA
11,171,Scott Proctor,NYY/LA,83,0,86.1,78,41,35,44,64,5,5,0,6,0.4,1.41,3.65
12,172,Justin Verlander,DET,32,32,201.2,181,88,82,67,183,18,6,0,0,3.9,1.23,3.66
13,173,Gil Meche,KC,34,34,216.0,218,98,88,62,156,9,13,0,0,3.9,1.30,3.67
14,174,Yovani Gallardo,MIL,20,17,110.1,103,48,45,37,101,9,5,0,0,2.0,1.27,3.67
15,175,Saul Rivera,WAS,85,0,93.0,88,39,38,42,64,4,6,3,2,1.4,1.40,3.68
16,176,Renyel Pinto,FLA,57,0,58.2,45,25,24,32,56,2,4,1,5,0.9,1.31,3.68
17,,Heath Phillips,CWS,6,0,7.1,10,3,3,4,2,1,1,0,0,0.2,1.91,3.68
18,178,Matt Garza,MIN,16,15,83.0,96,44,34,32,67,5,7,0,0,0.7,1.54,3.69
19,179,Zack Greinke,KC,52,14,122.0,122,52,50,36,106,7,7,1,0,2.1,1.30,3.69
20,180,Jeremy Guthrie,BAL,32,26,175.1,165,78,72,47,123,7,5,0,1,3.7,1.21,3.70
21,RK,PLAYER,TEAM,GP,GS,IP,H,R,ER,BB,SO,W,L,SV,BLSV,WAR,WHIP,ERA
22,181,Adam Wainwright,STL,32,32,202.0,212,93,83,70,136,14,12,0,0,2.5,1.40,3.70
23,182,Chien-Ming Wang,NYY,30,30,199.1,199,84,82,59,104,19,7,0,0,4.8,1.29,3.70
24,183,Scott Linebrink,MIL/SD,71,0,70.1,68,33,29,25,50,5,6,1,7,0.4,1.32,3.71
25,184,Roy Halladay,TOR,31,31,225.1,232,101,93,48,139,16,7,0,0,3.2,1.24,3.71
26,185,Juan Salas,TB,34,0,36.1,36,19,15,17,26,1,1,0,1,0.4,1.46,3.72
27,186,Orlando Hernandez,NYM,27,24,147.2,109,64,61,64,128,9,5,0,0,2.4,1.17,3.72
28,187,Aaron Harang,CIN,34,34,231.2,213,100,96,52,218,16,6,0,0,5.8,1.14,3.73
29,188,Javier Vazquez,CWS,32,32,216.2,197,95,90,50,213,15,8,0,0,5.9,1.14,3.74
30,189,A.J. Burnett,TOR,25,25,165.2,131,74,69,66,176,10,8,0,0,2.2,1.19,3.75
31,190,Julio Mateo,SEA,9,0,12.0,12,5,5,5,4,1,0,0,2,0.2,1.42,3.75
32,RK,PLAYER,TEAM,GP,GS,IP,H,R,ER,BB,SO,W,L,SV,BLSV,WAR,WHIP,ERA
33,,Seth McClung,MIL,14,0,12.0,11,9,5,5,11,0,1,0,0,-0.2,1.33,3.75
34,192,Manny Parra,MIL,9,2,26.1,25,13,11,12,26,0,1,0,0,0.2,1.41,3.76
35,193,Ian Snell,PIT,32,32,208.0,209,94,87,68,177,9,12,0,0,3.4,1.33,3.76
36,194,Brandon Backe,HOU,5,5,28.2,27,13,12,11,11,3,1,0,0,0.6,1.33,3.77
37,195,Darren Oliver,LAA,61,0,64.1,58,31,27,23,51,3,1,0,0,0.6,1.26,3.78
38,196,Rudy Seanez,LA,73,0,76.0,78,33,32,27,73,6,3,1,2,0.8,1.38,3.79
39,197,Joel Peralta,KC,62,0,87.2,93,39,37,19,66,1,3,1,4,1.0,1.28,3.80
40,198,Eric Gagne,BOS/TEX,54,0,52.0,49,22,22,21,51,4,2,16,4,1.4,1.35,3.81
41,199,Kyle Snyder,BOS,46,0,54.1,45,29,23,32,41,2,3,0,0,0.3,1.42,3.81
42,200,Jesse Litsch,TOR,20,20,111.0,116,56,47,36,50,7,9,0,0,0.8,1.37,3.81
0,201,Randy Johnson,ARI,10,10,56.2,52,26,24,13,72,4,3,0,0,1.3,1.15,3.81
1,202,Jesus Colome,WAS,61,0,66.0,64,30,28,27,43,5,1,1,3,0.6,1.38,3.82
2,203,Ben Sheets,MIL,24,24,141.1,138,62,60,37,106,12,5,0,0,2.8,1.24,3.82
3,204,Ted Lilly,CHC,34,34,207.0,181,91,88,55,174,15,8,0,0,3.9,1.14,3.83
4,205,Sean Green,SEA,64,0,68.0,77,31,29,34,53,5,2,0,3,1.0,1.63,3.84
5,206,James Shields,TB,31,31,215.0,202,98,92,36,184,12,8,0,0,5.2,1.11,3.85
6,207,Scot Shields,LAA,71,0,77.0,62,36,33,33,77,4,5,2,6,0.9,1.23,3.86
7,,Mark McLemore,HOU,29,0,35.0,38,17,15,18,35,3,0,0,2,0.4,1.60,3.86
8,209,Kyle Kendrick,PHI,20,20,121.0,129,53,52,25,49,10,4,0,0,2.1,1.27,3.87
9,210,Brian Bannister,KC,27,27,165.0,156,76,71,44,77,12,9,0,0,2.6,1.21,3.87
10,RK,PLAYER,TEAM,GP,GS,IP,H,R,ER,BB,SO,W,L,SV,BLSV,WAR,WHIP,ERA
11,211,Curt Schilling,BOS,24,24,151.0,165,68,65,23,101,9,8,0,0,3.8,1.25,3.87
12,212,Joe Beimel,LA,83,0,67.1,63,30,29,24,39,4,2,1,0,0.8,1.29,3.88
13,213,Tom Gorzelanny,PIT,32,32,201.2,214,90,87,68,135,14,10,0,0,3.7,1.40,3.88
14,214,Derek Lowe,LA,33,32,199.1,194,100,86,59,147,12,14,0,0,2.3,1.27,3.88
15,215,John Maine,NYM,32,32,191.0,168,90,83,75,180,15,10,0,0,2.2,1.27,3.91
16,216,Jered Weaver,LAA,28,28,161.0,178,77,70,45,115,13,7,0,0,2.5,1.39,3.91
17,217,Juan Carlos Oviedo,KC,13,6,43.2,44,21,19,10,37,2,4,0,0,0.6,1.24,3.92
18,218,Sean Marshall,CHC,21,19,103.1,107,52,45,35,67,7,8,0,0,1.1,1.37,3.92
19,219,Noah Lowry,SF,26,26,156.0,155,76,68,87,87,14,8,0,0,2.1,1.55,3.92
20,,Rich Hill,CHC,32,32,195.0,170,89,85,63,183,11,8,0,0,3.2,1.19,3.92
21,RK,PLAYER,TEAM,GP,GS,IP,H,R,ER,BB,SO,W,L,SV,BLSV,WAR,WHIP,ERA
22,221,Felix Hernandez,SEA,30,30,190.1,209,88,83,53,165,14,7,0,0,3.7,1.38,3.92
23,222,Carlos Villanueva,MIL,59,6,114.1,101,52,50,53,99,8,5,1,2,1.4,1.35,3.94
24,223,Shawn Chacon,PIT,64,4,96.0,95,42,42,48,79,5,4,1,7,1.4,1.49,3.94
25,224,Joe Blanton,OAK,34,34,230.0,240,106,101,40,140,14,10,0,0,3.3,1.22,3.95
26,225,Carlos Zambrano,CHC,34,34,216.1,187,100,95,101,177,18,13,0,0,3.2,1.33,3.95
27,226,Ryan Rowland-Smith,SEA,26,0,38.2,39,19,17,15,42,1,0,0,0,0.3,1.40,3.96
28,227,Alan Embree,OAK,68,0,68.0,67,30,30,19,51,1,2,17,4,0.6,1.26,3.97
29,,Jack Cassel,SD,6,4,22.2,30,10,10,5,11,1,1,0,0,0.2,1.54,3.97
30,229,Dennys Reyes,MIN,50,0,29.1,34,14,13,21,21,2,1,0,0,0.3,1.88,3.99
31,230,Taylor Tankersley,FLA,67,0,47.1,42,22,21,29,49,6,1,1,2,0.7,1.50,3.99
32,RK,PLAYER,TEAM,GP,GS,IP,H,R,ER,BB,SO,W,L,SV,BLSV,WAR,WHIP,ERA
33,231,Tim Lincecum,SF,24,24,146.1,122,70,65,65,150,7,5,0,0,2.1,1.28,4.00
34,232,Ryan Speier,COL,20,0,18.0,20,8,8,8,13,3,1,0,1,0.3,1.56,4.00
35,233,Darrell Rasner,NYY,6,6,24.2,29,14,11,8,11,1,3,0,0,0.2,1.50,4.01
36,234,Tyler Johnson,STL,55,0,38.0,31,18,17,16,24,1,1,0,1,0.2,1.24,4.03
37,235,John Bale,KC,26,0,40.0,45,18,18,17,42,1,1,0,1,0.4,1.55,4.05
38,,Eric Hull,LA,5,0,6.2,4,3,3,3,5,0,0,0,0,0.1,1.05,4.05
39,237,Andy Pettitte,NYY,36,34,215.1,238,106,97,69,141,15,9,0,0,3.5,1.43,4.05
40,238,Brian Moehler,HOU,42,0,59.2,67,29,27,17,36,1,4,1,0,0.6,1.41,4.07
41,239,Dustin McGowan,TOR,27,27,169.2,146,80,77,61,144,12,10,0,0,2.1,1.22,4.08
42,240,Octavio Dotel,KC/ATL,33,0,30.2,29,16,14,12,41,2,1,11,4,0.2,1.34,4.11
0,241,Scott Atchison,SF,22,0,30.2,32,14,14,10,25,0,0,0,1,0.2,1.37,4.11
1,242,Lenny DiNardo,OAK,35,20,131.1,136,74,60,50,59,8,10,0,0,0.1,1.42,4.11
2,243,Aaron Cook,COL,25,25,166.0,178,87,76,44,61,8,7,0,0,2.0,1.34,4.12
3,244,Brandon Morrow,SEA,60,0,63.1,56,29,29,50,66,3,4,0,2,0.9,1.67,4.12
4,245,Brad Salmon,CIN,26,0,24.0,22,11,11,10,22,0,1,0,1,0.3,1.33,4.13
5,246,Scott Eyre,CHC,55,0,52.1,59,26,24,35,45,2,1,0,4,0.3,1.80,4.13
6,247,Shaun Marcum,TOR,38,25,159.0,149,76,73,49,122,12,6,1,1,1.7,1.25,4.13
7,248,Greg Maddux,SD,34,34,198.0,221,92,91,25,104,14,11,0,0,2.3,1.24,4.14
8,249,Chris Resop,LAA,4,0,4.1,4,2,2,1,2,0,0,0,0,0.1,1.15,4.15
9,,John Lannan,WAS,6,6,34.2,36,17,16,17,10,2,2,0,0,0.4,1.53,4.15
10,RK,PLAYER,TEAM,GP,GS,IP,H,R,ER,BB,SO,W,L,SV,BLSV,WAR,WHIP,ERA
11,251,D.J. Houlton,LA,18,0,28.0,28,14,13,7,21,0,2,0,0,0.2,1.25,4.18
12,252,Roger Clemens,NYY,18,17,99.0,99,52,46,31,68,6,6,0,0,1.4,1.31,4.18
13,253,Carlos Silva,MIN,33,33,202.0,229,99,94,36,89,13,14,0,0,2.3,1.31,4.19
14,254,Matt Wise,MIL,56,0,53.2,61,30,25,17,43,3,2,1,1,0.0,1.45,4.19
15,255,Randy Messenger,SF/FLA,60,0,64.1,85,30,30,21,34,2,4,1,4,0.0,1.65,4.20
16,256,Scott Munter,SF,12,0,10.2,14,5,5,4,4,1,1,0,0,0.1,1.69,4.22
17,257,Jeff Francis,COL,34,34,215.1,234,103,101,63,165,17,9,0,0,3.7,1.38,4.22
18,258,Taylor Buchholz,COL,41,8,93.2,105,47,44,20,61,6,5,0,0,0.8,1.33,4.23
19,259,Bronson Arroyo,CIN,34,34,210.2,232,109,99,63,156,9,15,0,0,3.1,1.40,4.23
20,260,Jon Garland,CWS,32,32,208.1,219,114,98,57,98,10,13,0,0,3.7,1.32,4.23
21,RK,PLAYER,TEAM,GP,GS,IP,H,R,ER,BB,SO,W,L,SV,BLSV,WAR,WHIP,ERA
22,261,Chuck James,ATL,30,30,161.1,164,77,76,58,116,11,10,0,0,1.6,1.38,4.24
23,,Pat Misch,SF,18,4,40.1,47,21,19,12,26,0,4,0,0,0.2,1.46,4.24
24,263,Oscar Villarreal,ATL,51,0,76.1,75,40,36,32,58,2,2,1,1,-0.2,1.40,4.24
25,264,Doug Davis,ARI,33,33,192.2,211,100,91,95,144,13,12,0,0,2.3,1.59,4.25
26,265,Ron Villone,NYY,37,0,42.1,36,20,20,18,25,0,0,0,1,0.4,1.28,4.25
27,266,Randy Flores,STL,70,0,55.0,71,31,26,15,47,3,0,1,1,-0.2,1.56,4.25
28,267,Todd Jones,DET,63,0,61.1,64,29,29,23,33,1,4,38,6,0.3,1.42,4.26
29,268,Scott Baker,MIN,24,23,143.2,162,70,68,29,102,9,9,0,0,1.6,1.33,4.26
30,269,Fernando Rodney,DET,48,0,50.2,46,27,24,21,54,2,6,1,2,0.0,1.32,4.26
31,270,Joel Zumaya,DET,28,0,33.2,23,16,16,17,27,2,3,1,4,0.2,1.19,4.28
32,RK,PLAYER,TEAM,GP,GS,IP,H,R,ER,BB,SO,W,L,SV,BLSV,WAR,WHIP,ERA
33,271,Ubaldo Jimenez,COL,15,15,82.0,70,46,39,37,68,4,4,0,0,0.7,1.30,4.28
34,272,Miguel Batista,SEA,33,32,193.0,209,101,92,85,133,16,11,0,0,2.5,1.52,4.29
35,273,Brandon Medders,ARI,30,0,29.1,30,16,14,16,23,1,2,0,1,0.1,1.57,4.30
36,274,Luis Vizcaino,NYY,77,0,75.1,66,37,36,43,62,8,2,0,3,0.6,1.45,4.30
37,275,Micah Owings,ARI,29,27,152.2,146,81,73,50,106,8,8,0,0,1.5,1.28,4.30
38,276,Wes Littleton,TEX,35,0,48.0,48,23,23,16,24,3,2,2,1,0.4,1.33,4.31
39,277,Jarrod Washburn,SEA,32,32,193.2,201,102,93,67,114,10,15,0,0,2.5,1.38,4.32
40,278,Jake Westbrook,CLE,25,25,152.0,159,78,73,55,93,6,9,0,0,1.8,1.41,4.32
41,279,Brett Myers,PHI,51,3,68.2,61,33,33,27,83,5,7,21,3,0.6,1.28,4.33
42,280,Joel Pineiro,BOS/STL,42,11,97.2,110,49,47,26,60,7,5,0,0,0.8,1.39,4.33
0,281,Chin-Hui Tsao,LA,21,0,24.2,18,12,12,8,16,0,1,0,1,0.1,1.05,4.38
1,,Juan Perez,PIT,17,0,12.1,14,7,6,8,10,0,0,0,0,0.0,1.78,4.38
2,,Neal Musser,KC,17,0,24.2,32,13,12,14,19,0,1,0,0,0.1,1.86,4.38
3,,Harvey Garcia,FLA,8,0,12.1,14,6,6,7,15,0,1,0,0,0.1,1.70,4.38
4,285,Jon Coutlangus,CIN,64,0,41.0,38,22,20,27,38,4,2,0,3,0.4,1.59,4.39
5,286,Scott Williamson,BAL,16,0,14.1,12,8,7,8,16,1,0,0,1,0.0,1.40,4.40
6,287,Daisuke Matsuzaka,BOS,32,32,204.2,191,100,100,80,201,15,12,0,0,3.8,1.32,4.40
7,288,Dustin Moseley,LAA,46,8,92.0,97,45,45,27,50,4,3,0,0,1.1,1.35,4.40
8,289,Geoff Geary,PHI,57,0,67.1,72,44,33,25,38,3,2,0,3,-0.9,1.44,4.41
9,290,Rodrigo Lopez,COL,14,14,79.1,83,43,39,21,43,5,4,0,0,0.9,1.31,4.42
10,RK,PLAYER,TEAM,GP,GS,IP,H,R,ER,BB,SO,W,L,SV,BLSV,WAR,WHIP,ERA
11,291,Chad Gaudin,OAK,34,34,199.1,205,108,98,100,154,11,13,0,0,1.2,1.53,4.42
12,292,Kenny Rogers,DET,11,11,63.0,65,36,31,25,36,3,4,0,0,0.2,1.43,4.43
13,293,Chris Ray,BAL,43,0,42.2,35,22,21,18,44,5,6,16,4,0.2,1.24,4.43
14,294,Santiago Casilla,OAK,46,0,50.2,43,25,25,23,52,3,1,2,3,0.2,1.30,4.44
15,295,Joe Saunders,LAA,18,18,107.1,129,56,53,34,69,8,5,0,0,1.2,1.52,4.44
16,296,Tom Glavine,NYM,34,34,200.1,219,102,99,64,89,13,8,0,0,1.8,1.41,4.45
17,297,Jason Bergmann,WAS,21,21,115.1,99,59,57,42,86,6,6,0,0,1.4,1.22,4.45
18,298,Justin Germano,SD,26,23,133.1,133,72,66,40,78,7,10,0,0,0.4,1.30,4.46
19,299,Phil Hughes,NYY,13,13,72.2,64,39,36,29,58,5,3,0,0,0.8,1.28,4.46
20,300,Eric O'Flaherty,SEA,56,0,52.1,45,26,26,20,36,7,1,0,1,0.6,1.24,4.47
21,RK,PLAYER,TEAM,GP,GS,IP,H,R,ER,BB,SO,W,L,SV,BLSV,WAR,WHIP,ERA
22,301,Jorge Sosa,NYM,42,14,112.2,109,58,56,41,69,9,8,0,2,0.5,1.33,4.47
23,302,Travis Driskill,HOU,2,0,6.0,10,6,3,1,4,0,1,0,0,-0.2,1.83,4.50
24,,Greg Aquino,MIL,15,0,14.0,13,9,7,5,12,0,1,0,2,-0.2,1.29,4.50
25,,Edinson Volquez,TEX,6,6,34.0,34,18,17,15,29,2,1,0,0,0.4,1.44,4.50
26,,A.J. Murray,TEX,14,2,28.0,25,15,14,15,18,1,2,0,0,0.2,1.43,4.50
27,,Carmen Pignatiello,CHC,4,0,2.0,3,1,1,0,3,0,0,0,0,0.0,1.50,4.50
28,,Josh Newman,COL,2,0,2.0,2,1,1,0,3,0,0,0,0,0.0,1.00,4.50
29,308,John Grabow,PIT,63,0,51.2,56,27,26,19,42,3,2,1,1,0.2,1.45,4.53
30,309,Barry Zito,SF,34,33,196.2,182,105,99,83,131,11,13,0,0,1.8,1.35,4.53
31,310,Andrew Brown,OAK,33,0,41.2,38,21,21,17,43,3,3,0,2,0.1,1.32,4.54
32,RK,PLAYER,TEAM,GP,GS,IP,H,R,ER,BB,SO,W,L,SV,BLSV,WAR,WHIP,ERA
33,311,Todd Wellemeyer,KC/STL,32,11,79.1,77,50,40,40,60,3,3,0,0,0.5,1.47,4.54
34,312,Frank Francisco,TEX,59,0,59.1,57,33,30,38,49,1,1,0,0,0.2,1.60,4.55
35,313,Micah Bowie,WAS,30,8,57.1,55,30,29,27,42,4,3,0,1,0.4,1.43,4.55
36,314,Aaron Laffey,CLE,9,9,49.1,54,26,25,12,25,4,2,0,0,0.4,1.34,4.56
37,315,Jon Lester,BOS,12,11,63.0,61,33,32,31,50,4,0,0,0,0.8,1.46,4.57
38,316,Jason Frasor,TOR,51,0,57.0,47,29,29,23,59,1,5,3,3,0.1,1.23,4.58
39,,Yusmeiro Petit,ARI,14,10,57.0,58,30,29,18,40,3,4,0,0,0.5,1.33,4.58
40,318,Wandy Rodriguez,HOU,31,31,182.2,179,102,93,62,158,9,13,0,0,1.9,1.32,4.58
41,319,Paul Byrd,CLE,31,31,192.1,239,107,98,28,88,15,8,0,0,1.4,1.39,4.59
42,320,Chris Sampson,HOU,24,19,121.2,138,64,62,30,51,7,8,0,0,1.6,1.38,4.59
0,321,Jason Marquis,CHC,34,33,191.2,190,111,98,76,109,12,9,0,0,0.6,1.39,4.60
1,322,Jeff Suppan,MIL,34,34,206.2,243,113,106,68,114,12,12,0,0,1.6,1.50,4.62
2,323,Kyle Lohse,CIN/PHI,34,32,192.2,207,109,99,57,122,9,12,0,0,0.4,1.37,4.62
3,324,Brandon Duckworth,KC,26,3,46.2,51,30,24,23,21,3,5,1,0,-0.3,1.59,4.63
4,325,Derrick Turnbow,MIL,77,0,68.0,44,36,35,46,84,4,5,1,3,0.2,1.32,4.63
5,326,Matt Chico,WAS,31,31,167.0,183,96,86,74,94,7,9,0,0,0.7,1.54,4.63
6,327,Kason Gabbard,BOS/TEX,15,15,81.1,68,42,42,41,55,6,1,0,0,0.0,1.34,4.65
7,328,Sergio Mitre,FLA,27,27,149.0,180,88,77,41,80,5,8,0,0,0.9,1.48,4.65
8,329,Chris Spurling,MIL,49,0,50.0,63,31,26,14,28,2,1,0,0,-0.2,1.54,4.68
9,,Brian Bruney,NYY,58,0,50.0,44,28,26,37,39,3,2,0,2,0.1,1.62,4.68
10,RK,PLAYER,TEAM,GP,GS,IP,H,R,ER,BB,SO,W,L,SV,BLSV,WAR,WHIP,ERA
11,331,Thomas Mastny,CLE,51,0,57.2,63,30,30,32,52,7,2,0,0,0.3,1.65,4.68
12,332,Steve Kline,SF,68,0,46.0,58,25,24,18,17,1,2,2,2,0.2,1.65,4.70
13,,Shane Komine,OAK,2,0,7.2,6,4,4,1,1,0,0,0,0,0.0,0.91,4.70
14,,Devern Hansack,BOS,3,1,7.2,9,5,4,5,5,0,1,0,0,0.0,1.83,4.70
15,,Jair Jurrjens,DET,7,7,30.2,24,16,16,11,13,3,1,0,0,0.3,1.14,4.70
16,336,Carmen Cali,MIN,24,0,21.0,22,11,11,16,14,0,1,0,1,0.0,1.81,4.71
17,337,Chad Durbin,DET,36,19,127.2,133,71,67,49,66,8,7,1,1,0.5,1.43,4.72
18,338,Tom Gordon,PHI,44,0,40.0,40,21,21,13,32,3,2,6,5,0.0,1.33,4.73
19,,Ryan Dempster,CHC,66,0,66.2,59,36,35,30,55,2,7,28,3,0.0,1.34,4.73
20,,Kevin Slowey,MIN,13,11,66.2,82,39,35,11,47,4,1,0,0,0.2,1.40,4.73
21,RK,PLAYER,TEAM,GP,GS,IP,H,R,ER,BB,SO,W,L,SV,BLSV,WAR,WHIP,ERA
22,341,Jon Lieber,PHI,14,12,78.0,91,44,41,22,54,3,6,0,0,0.2,1.45,4.73
23,342,Brad Thompson,STL,44,17,129.1,157,76,68,40,53,8,6,0,0,-0.1,1.52,4.73
24,343,Randy Wolf,LA,18,18,102.2,110,55,54,39,94,9,6,0,0,0.8,1.45,4.73
25,344,Jason Grilli,DET,57,0,79.2,81,46,42,32,62,5,3,0,2,-0.2,1.42,4.74
26,345,Nate Robertson,DET,30,30,177.2,199,98,94,63,119,9,13,0,0,1.1,1.47,4.76
27,346,Tim Wakefield,BOS,31,31,189.0,191,104,100,64,110,17,12,0,0,1.9,1.35,4.76
28,347,Carl Pavano,NYY,2,2,11.1,12,7,6,2,4,1,0,0,0,0.0,1.24,4.76
29,,Ray King,MIL/WAS,67,0,39.2,37,21,21,21,25,1,1,0,0,0.2,1.46,4.76
30,,Billy Traber,WAS,28,2,39.2,50,22,21,13,27,2,2,0,1,0.0,1.59,4.76
31,,Franquelis Osoria,PIT,25,0,28.1,33,16,15,8,13,0,2,0,0,0.0,1.45,4.76
32,RK,PLAYER,TEAM,GP,GS,IP,H,R,ER,BB,SO,W,L,SV,BLSV,WAR,WHIP,ERA
33,,Jon Huber,SEA,9,0,11.1,13,6,6,4,8,0,0,0,0,0.1,1.50,4.76
34,352,Chris Bootcheck,LAA,51,0,77.1,81,43,41,24,56,3,3,0,1,0.2,1.36,4.77
35,353,Jason Stanford,CLE,8,2,26.1,32,15,14,7,16,1,1,0,0,0.2,1.48,4.78
36,354,Matt Thornton,CWS,68,0,56.1,59,31,30,26,55,4,4,2,5,0.6,1.51,4.79
37,355,Kyle Farnsworth,NYY,64,0,60.0,60,35,32,27,48,2,1,0,3,0.0,1.45,4.80
38,,Anibal Sanchez,FLA,6,6,30.0,43,17,16,19,14,2,1,0,0,0.3,2.07,4.80
39,357,Mike Myers,CWS/NYY,72,0,54.1,59,33,29,23,27,4,0,0,3,1.0,1.51,4.80
40,358,Jason Hirsh,COL,19,19,112.1,103,63,60,48,75,5,7,0,0,0.9,1.34,4.81
41,359,Brian Falkenborg,STL,16,0,18.2,22,10,10,8,16,0,1,0,0,0.0,1.61,4.82
42,,Dan Giese,SF,8,0,9.1,8,5,5,2,7,0,2,0,0,0.0,1.07,4.82
0,361,Bill White,TEX,9,0,9.1,8,5,5,7,9,2,0,0,0,0.0,1.61,4.82
1,362,Trever Miller,HOU,76,0,46.1,45,26,25,23,46,0,0,1,2,0.2,1.47,4.86
2,363,Neal Cotts,CHC,16,0,16.2,15,9,9,9,14,0,1,0,0,0.0,1.44,4.86
3,364,Brandon McCarthy,TEX,23,22,101.2,111,62,55,48,59,5,10,0,0,0.5,1.56,4.87
4,365,Gary Glover,TB,67,0,77.1,87,44,42,27,51,6,5,2,2,0.5,1.47,4.89
5,366,Matt Morris,PIT/SF,32,32,198.2,240,123,108,61,102,10,11,0,0,0.7,1.52,4.89
6,367,Al Reyes,TB,61,0,60.2,49,35,33,21,70,2,4,26,4,0.2,1.15,4.90
7,368,Steve Trachsel,BAL/CHC,29,29,158.0,176,89,86,76,56,7,11,0,0,-0.5,1.59,4.90
8,369,Tom Martin,COL,26,0,25.2,32,14,14,9,10,0,0,0,0,0.1,1.60,4.91
9,,Mike Gosling,CIN,23,0,33.0,42,22,18,28,32,2,0,0,1,-0.2,2.12,4.91
10,RK,PLAYER,TEAM,GP,GS,IP,H,R,ER,BB,SO,W,L,SV,BLSV,WAR,WHIP,ERA
11,,Steve Colyer,ATL,7,0,3.2,9,2,2,4,4,0,1,0,0,0.0,3.55,4.91
12,,Alberto Arias,COL,6,0,7.1,8,4,4,5,3,1,0,0,1,0.0,1.77,4.91
13,373,Livan Hernandez,ARI,33,33,204.1,247,116,112,79,90,11,11,0,0,1.2,1.60,4.93
14,374,Braden Looper,STL,31,30,175.0,183,100,96,51,87,12,12,0,0,0.2,1.34,4.94
15,375,Josh Fogg,COL,30,29,165.2,194,99,91,59,94,10,9,0,0,0.7,1.53,4.94
16,376,Will Ohman,CHC,56,0,36.1,42,20,20,16,33,2,4,1,0,0.1,1.60,4.95
17,377,Justin Duchscherer,OAK,17,0,16.1,18,9,9,8,13,3,3,0,2,-0.1,1.59,4.96
18,,Macay McBride,DET/ATL,38,0,32.2,33,21,18,25,30,1,1,0,0,-0.3,1.78,4.96
19,,Tom Shearn,CIN,7,6,32.2,32,18,18,13,16,3,0,0,0,0.5,1.38,4.96
20,380,Boone Logan,CWS,68,0,50.2,59,30,28,20,35,2,1,0,2,0.4,1.56,4.97
21,RK,PLAYER,TEAM,GP,GS,IP,H,R,ER,BB,SO,W,L,SV,BLSV,WAR,WHIP,ERA
22,381,Romulo Sanchez,PIT,16,0,18.0,16,10,10,8,11,1,0,0,0,0.0,1.33,5.00
23,382,Jeremy Bonderman,DET,28,28,174.1,193,105,97,48,145,11,9,0,0,0.3,1.38,5.01
24,383,Jamie Moyer,PHI,33,33,199.1,222,118,111,66,133,14,12,0,0,0.2,1.44,5.01
25,384,Paul Maholm,PIT,29,29,177.2,204,110,99,49,105,10,15,0,0,0.2,1.42,5.02
26,385,Édgar González,ARI,32,12,102.0,110,61,57,28,62,8,4,0,0,0.1,1.35,5.03
27,386,Scott Schoeneweis,NYM,70,0,59.0,62,36,33,28,41,0,2,2,1,-0.4,1.53,5.03
28,387,Clay Condrey,PHI,39,0,50.0,61,30,28,16,27,5,0,2,0,-0.3,1.54,5.04
29,388,Ryan Bukvich,CWS,45,0,35.2,36,23,20,24,18,1,0,0,1,0.2,1.68,5.05
30,389,José Ascanio,ATL,13,0,16.0,17,11,9,6,13,1,1,0,0,-0.2,1.44,5.06
31,390,Joe Borowski,CLE,69,0,65.2,77,39,37,17,58,4,5,45,8,-0.5,1.43,5.07
32,RK,PLAYER,TEAM,GP,GS,IP,H,R,ER,BB,SO,W,L,SV,BLSV,WAR,WHIP,ERA
33,391,Claudio Vargas,MIL,29,23,134.1,153,80,76,54,107,11,6,1,1,0.2,1.54,5.09
34,392,Boof Bonser,MIN,31,30,173.0,199,108,98,65,136,8,12,0,0,-0.4,1.53,5.10
35,393,Chris Capuano,MIL,29,25,150.0,170,93,85,54,132,5,12,0,0,0.0,1.49,5.10
36,394,Mike Bacsik Jr.,WAS,29,20,118.0,141,73,67,29,45,5,8,0,0,-0.2,1.44,5.11
37,395,Dave Bush,MIL,33,31,186.1,217,110,106,44,134,12,10,0,0,0.4,1.40,5.12
38,396,Juan Rincon,MIN,63,0,59.2,65,38,34,28,49,3,3,0,2,-0.6,1.56,5.13
39,397,Julian Tavarez,BOS,34,23,134.2,151,89,77,51,77,7,11,0,0,-0.1,1.50,5.15
40,398,Dave Borkowski,HOU,64,0,71.2,76,46,41,34,63,5,3,1,3,-0.3,1.53,5.15
41,399,Mike Mussina,NYY,28,27,152.0,188,90,87,35,91,11,10,0,0,0.8,1.47,5.15
42,400,Cha Seung Baek,SEA,14,12,73.1,87,45,42,14,49,4,3,0,0,0.4,1.38,5.15
0,401,Kevin Millwood,TEX,31,31,172.2,213,111,99,67,123,10,14,0,0,0.0,1.62,5.16
1,402,Willie Eyre,TEX,33,2,68.0,78,42,39,32,42,4,6,1,0,-0.2,1.62,5.16
2,403,Jay Witasick,OAK/TB,36,0,31.1,31,19,18,27,18,1,0,0,1,-0.1,1.85,5.17
3,,Eric Milton,CIN,6,6,31.1,39,21,18,9,18,0,4,0,0,0.1,1.53,5.17
4,405,Dontrelle Willis,FLA,35,35,205.1,241,131,118,87,146,10,15,0,0,0.5,1.60,5.17
5,406,Tyler Yates,ATL,75,0,66.0,64,44,38,31,69,2,3,2,1,-1.0,1.44,5.18
6,407,Randy Keisler,STL,4,3,17.1,21,12,10,5,5,0,0,0,0,-0.2,1.50,5.19
7,,Aquilino Lopez,DET,10,0,17.1,18,10,10,6,7,0,0,1,0,0.0,1.38,5.19
8,409,Mark Hendrickson,LA,39,15,122.2,142,75,71,29,92,4,8,0,1,-0.1,1.39,5.21
9,410,Buddy Carlyle,ATL,22,20,107.0,117,67,62,32,74,8,7,0,0,-0.6,1.39,5.21
10,RK,PLAYER,TEAM,GP,GS,IP,H,R,ER,BB,SO,W,L,SV,BLSV,WAR,WHIP,ERA
11,411,Jorge Julio,COL/FLA,68,0,62.0,68,39,36,31,56,0,5,0,7,-1.0,1.60,5.23
12,412,Woody Williams,HOU,33,31,188.0,216,114,110,53,101,8,15,0,0,1.1,1.43,5.27
13,413,Gavin Floyd,CWS,16,10,70.0,85,45,41,19,49,1,5,0,0,0.5,1.49,5.27
14,414,Bobby Livingston,CIN,10,10,56.1,77,35,33,8,27,3,3,0,0,0.4,1.51,5.27
15,415,Yoel Hernandez,PHI,14,0,15.1,20,9,9,1,13,0,0,0,1,-0.1,1.37,5.28
16,416,Bryan Bullington,PIT,5,3,17.0,24,11,10,5,7,0,3,0,0,-0.1,1.71,5.29
17,,Billy Buckner,KC,7,5,34.0,37,20,20,16,17,1,2,0,0,0.1,1.56,5.29
18,418,Dan Wheeler,HOU/TB,70,0,74.2,74,48,44,23,82,1,9,11,7,-0.6,1.30,5.30
19,419,Matt Belisle,CIN,30,30,177.2,212,111,105,43,125,8,9,0,0,1.0,1.44,5.32
20,420,Mike Wood,TEX,21,4,50.2,68,36,30,15,25,3,2,0,0,-0.5,1.64,5.33
21,RK,PLAYER,TEAM,GP,GS,IP,H,R,ER,BB,SO,W,L,SV,BLSV,WAR,WHIP,ERA
22,421,Kameron Loe,TEX,28,23,136.0,162,96,81,56,78,6,11,0,0,-0.6,1.60,5.36
23,422,Armando Benitez,SF/FLA,55,0,50.1,49,37,30,29,57,2,8,9,7,0.0,1.55,5.36
24,,John Rheinecker,TEX,23,7,50.1,61,38,30,28,40,4,3,0,0,-0.6,1.77,5.36
25,424,Aaron Sele,NYM,34,0,53.2,78,34,32,21,29,3,2,0,0,-0.4,1.84,5.37
26,425,Josh Towers,TOR,25,15,107.0,129,73,64,22,76,5,10,0,0,-1.0,1.41,5.38
27,426,Jack Taschner,SF,63,0,50.0,44,31,30,29,51,3,1,0,2,-0.3,1.46,5.40
28,,Ruddy Lugo,OAK/TB,38,0,48.1,48,29,29,37,34,6,0,0,2,-0.4,1.76,5.40
29,428,David Wells,LA/SD,29,29,157.1,201,97,95,42,82,9,9,0,0,-0.7,1.54,5.43
30,429,Antonio Alfonseca,PHI,61,0,49.2,65,31,30,27,24,5,2,8,5,-0.6,1.85,5.44
31,430,Ramon Ortiz,MIN/COL,38,10,104.0,127,65,63,22,51,5,4,0,0,0.1,1.43,5.45
32,RK,PLAYER,TEAM,GP,GS,IP,H,R,ER,BB,SO,W,L,SV,BLSV,WAR,WHIP,ERA
33,431,Rocky Cherry,BAL/CHC,22,0,31.1,30,20,19,19,23,1,1,0,1,0.3,1.56,5.46
34,432,Salomon Torres,PIT,56,0,52.2,57,34,32,17,45,2,4,12,6,-0.6,1.41,5.47
35,,Francisco Rosario,PHI,23,0,26.1,34,16,16,13,25,0,3,1,0,-0.1,1.78,5.47
36,434,Ricky Nolasco,FLA,5,4,21.1,26,16,13,9,11,1,2,0,0,-0.2,1.64,5.48
37,435,John Danks,CWS,26,26,139.0,160,92,85,54,109,6,13,0,0,0.9,1.54,5.50
38,436,Russ Ortiz,SF,12,8,49.0,57,32,30,20,27,2,3,0,0,-0.2,1.57,5.51
39,,Jesse Crain,MIN,18,0,16.1,19,16,10,4,10,1,2,0,0,-0.7,1.41,5.51
40,438,Brian Sanches,PHI,12,0,14.2,13,11,9,12,9,1,1,0,0,-0.2,1.70,5.52
41,439,Zach Duke,PIT,20,19,107.1,161,74,66,25,41,3,8,0,0,-0.7,1.73,5.53
42,440,Jose Capellan,DET/MIL,17,0,26.0,28,19,16,9,20,0,3,0,0,0.1,1.42,5.54
0,441,Daniel Cabrera,BAL,34,34,204.1,207,133,126,108,166,9,18,0,0,0.4,1.54,5.55
1,442,Brett Tomko,LA/SD,40,19,131.1,149,89,81,48,105,4,12,0,0,0.1,1.50,5.55
2,443,Kane Davis,PHI,11,0,11.1,17,7,7,8,10,0,1,0,0,-0.1,2.21,5.56
3,,Dustin Nippert,ARI,36,0,45.1,48,30,28,16,38,1,1,0,0,-0.3,1.41,5.56
4,445,Odalis Perez,KC,26,26,137.1,178,90,85,50,64,8,11,0,0,-0.4,1.66,5.57
5,446,Jose Contreras,CWS,32,30,189.0,232,134,117,62,113,10,17,0,0,0.3,1.56,5.57
6,447,Mike Pelfrey,NYM,15,13,72.2,85,47,45,39,45,3,8,0,0,-0.5,1.71,5.57
7,448,Gustavo Chacin,TOR,5,5,27.1,29,17,17,7,11,2,1,0,0,-0.1,1.32,5.60
8,449,Sean White,SEA,15,0,35.1,35,24,22,20,16,1,1,0,0,-0.2,1.56,5.60
9,450,Wil Ledezma,DET/ATL/SD,44,1,59.1,70,42,37,38,47,3,3,0,2,-0.2,1.82,5.61
10,RK,PLAYER,TEAM,GP,GS,IP,H,R,ER,BB,SO,W,L,SV,BLSV,WAR,WHIP,ERA
11,451,Andrew Miller,DET,13,13,64.0,73,43,40,39,56,5,5,0,0,-0.2,1.75,5.63
12,452,Bill Murphy,ARI,10,0,6.1,9,4,4,7,2,0,0,0,0,0.0,2.53,5.68
13,453,Kip Wells,STL,34,26,162.2,186,116,103,78,122,7,17,0,0,-1.9,1.62,5.70
14,454,Daniel Barone,FLA,16,6,41.0,50,29,26,19,18,1,3,0,0,-0.3,1.68,5.71
15,455,John Parrish,BAL/SEA,53,0,52.0,63,34,33,37,41,2,2,0,2,-0.1,1.92,5.71
16,456,Ryan Wagner,WAS,14,0,15.2,20,11,10,8,9,0,2,0,0,-0.2,1.79,5.74
17,457,Kiko Calero,OAK,46,0,40.2,46,26,26,21,31,1,5,1,3,-0.5,1.65,5.75
18,458,Homer Bailey,CIN,9,9,45.1,43,32,29,28,28,4,2,0,0,-0.2,1.57,5.76
19,459,Edwin Jackson,TB,32,31,161.0,195,116,103,88,128,5,15,0,0,0.0,1.76,5.76
20,460,Vicente Padilla,TEX,23,23,120.1,146,88,77,50,71,6,10,0,0,-0.8,1.63,5.76
21,RK,PLAYER,TEAM,GP,GS,IP,H,R,ER,BB,SO,W,L,SV,BLSV,WAR,WHIP,ERA
22,461,Ervin Santana,LAA,28,26,150.0,174,103,96,58,126,7,14,0,0,-0.6,1.55,5.76
23,462,Guillermo Mota,NYM,52,0,59.1,63,39,38,18,47,2,2,0,3,-0.7,1.37,5.76
24,463,Scott Feldman,TEX,29,0,39.0,44,26,25,32,19,1,2,0,0,-0.2,1.95,5.77
25,464,Esteban Loaiza,OAK/LA,7,7,37.1,36,24,24,20,20,2,4,0,0,0.6,1.50,5.79
26,,Jose Veras,NYY,9,0,9.1,6,6,6,7,7,0,0,2,0,-0.1,1.39,5.79
27,,Zach McClellan,COL,12,0,14.0,20,9,9,5,13,1,0,0,1,-0.1,1.79,5.79
28,467,Scott Olsen,FLA,33,33,176.2,226,134,114,85,133,10,15,0,0,-1.8,1.76,5.81
29,468,Jorge De La Rosa,KC,26,23,130.0,160,88,84,53,82,8,12,0,0,-0.5,1.64,5.82
30,469,Eric Stults,LA,12,5,38.2,50,26,25,17,30,1,4,0,0,-0.2,1.73,5.82
31,470,Todd Coffey,CIN,58,0,51.0,70,36,33,19,43,2,1,0,3,-0.4,1.75,5.82
32,RK,PLAYER,TEAM,GP,GS,IP,H,R,ER,BB,SO,W,L,SV,BLSV,WAR,WHIP,ERA
33,471,Victor Santos,BAL/CIN,36,3,63.1,71,41,41,33,48,1,6,0,0,0.1,1.64,5.83
34,472,Jason Davis,CLE/SEA,24,0,37.0,42,27,24,25,19,2,0,0,0,-0.5,1.81,5.84
35,473,Andy Sonnanstine,TB,22,22,130.2,151,87,85,26,97,6,10,0,0,0.6,1.35,5.85
36,474,Matt Albers,HOU,31,18,110.2,127,77,72,50,71,4,11,0,0,-0.5,1.60,5.86
37,475,Jonathan Sanchez,SF,33,4,52.0,57,34,34,28,62,1,5,0,0,-0.4,1.63,5.88
38,476,Freddy Garcia,PHI,11,11,58.0,74,39,38,19,50,1,5,0,0,-0.3,1.60,5.90
39,477,Jake Woods,SEA,4,0,10.2,9,8,7,7,4,0,0,0,0,-0.1,1.50,5.91
40,,Mike Zagurski,PHI,25,0,21.1,25,14,14,11,21,1,0,0,2,-0.3,1.69,5.91
41,,Juan Gutierrez,HOU,7,3,21.1,25,14,14,6,16,1,1,0,0,0.0,1.45,5.91
42,480,Mike Stanton,CIN,69,0,57.2,75,39,38,18,40,1,3,0,3,-0.3,1.61,5.93
0,481,Winston Abreu,WAS,26,0,30.1,37,21,20,9,26,0,1,0,1,-0.4,1.52,5.93
1,482,Rob Bell,BAL,30,0,53.0,73,37,35,24,28,4,3,0,0,-0.4,1.83,5.94
2,483,John Wasdin,PIT,12,0,19.2,32,13,13,8,10,1,1,0,0,-0.2,2.03,5.95
3,,Marcus McBeth,CIN,23,0,19.2,22,13,13,7,17,3,2,0,2,-0.1,1.47,5.95
4,485,Brian Burres,BAL,37,17,121.0,140,81,80,66,96,6,8,0,0,0.0,1.70,5.95
5,486,Shane Youman,PIT,16,8,57.1,65,40,38,23,29,3,5,0,0,-0.5,1.53,5.97
6,487,Mike Koplove,CLE,5,0,6.0,6,4,4,2,4,0,0,0,0,0.0,1.33,6.00
7,,Fabio Castro,PHI,10,1,12.0,9,8,8,13,14,0,0,0,0,0.0,1.83,6.00
8,,Joel Hanrahan,WAS,12,11,51.0,59,35,34,38,43,5,3,0,0,-0.3,1.90,6.00
9,490,Tony Armas,PIT,31,15,97.0,111,68,65,38,73,4,5,0,0,-0.6,1.54,6.03
10,RK,PLAYER,TEAM,GP,GS,IP,H,R,ER,BB,SO,W,L,SV,BLSV,WAR,WHIP,ERA
11,491,Anthony Reyes,STL,22,20,107.1,108,77,72,43,74,2,14,0,0,-1.2,1.41,6.04
12,492,J.D. Durbin,PHI/ARI,19,10,65.1,78,49,44,37,40,6,5,1,0,-0.3,1.76,6.06
13,493,Byung-Hyun Kim,COL/FLA/ARI,28,22,118.1,131,90,80,68,107,10,8,0,0,-0.2,1.68,6.08
14,494,Kyle Davies,KC/ATL,28,28,136.0,155,102,92,70,99,7,15,0,0,-0.9,1.65,6.09
15,495,Jason Hammel,TB,24,14,85.0,100,58,58,40,64,3,5,0,0,0.2,1.65,6.14
16,496,Brandon League,TOR,14,0,11.2,19,8,8,7,7,0,0,0,1,-0.1,2.23,6.17
17,497,Matt DeSalvo,NYY,7,6,27.2,34,20,19,18,10,1,3,0,0,-0.1,1.88,6.18
18,498,Jeff Weaver,SEA,27,27,146.2,190,105,101,35,80,7,13,0,0,-0.6,1.53,6.20
19,499,Jo-Jo Reyes,ATL,11,10,50.2,55,39,35,30,27,2,2,0,0,-0.9,1.68,6.22
20,500,Greg Jones,LAA,9,0,8.2,10,6,6,5,5,0,0,0,0,0.0,1.73,6.23
21,RK,PLAYER,TEAM,GP,GS,IP,H,R,ER,BB,SO,W,L,SV,BLSV,WAR,WHIP,ERA
22,,Armando Galarraga,TEX,3,1,8.2,8,6,6,7,6,0,0,0,0,-0.1,1.73,6.23
23,502,Kei Igawa,NYY,14,12,67.2,76,48,47,37,53,2,3,0,0,-0.5,1.67,6.25
24,503,Bill Bray,CIN,19,0,14.1,16,10,10,5,14,3,3,1,0,-0.1,1.47,6.28
25,504,Cliff Lee,CLE,20,16,97.1,112,73,68,36,66,5,8,0,0,-0.9,1.52,6.29
26,505,Adam Eaton,PHI,30,30,161.2,192,117,113,71,97,10,10,0,0,-1.8,1.63,6.29
27,506,Jason Schmidt,LA,6,6,25.2,32,20,18,14,22,1,4,0,0,-0.4,1.79,6.31
28,507,Tyler Clippard,NYY,6,6,27.0,29,19,19,17,18,3,1,0,0,-0.1,1.70,6.33
29,508,Bartolo Colon,LAA,19,18,99.1,132,74,70,29,76,6,8,0,0,-0.9,1.62,6.34
30,509,Willie Collazo,NYM,6,0,5.2,7,4,4,5,0,0,0,0,0,0.0,2.12,6.35
31,510,Jason Simontacchi,WAS,13,13,70.2,95,53,50,23,42,6,7,0,0,-0.9,1.67,6.37
32,RK,PLAYER,TEAM,GP,GS,IP,H,R,ER,BB,SO,W,L,SV,BLSV,WAR,WHIP,ERA
33,511,David Aardsma,CWS,25,0,32.1,39,24,23,17,36,2,1,0,3,-0.4,1.73,6.40
34,512,Roberto Hernandez,CLE/LA,50,0,46.1,59,37,33,25,31,3,3,0,1,-0.3,1.81,6.41
35,513,Jeremy Sowers,CLE,13,13,67.1,84,49,48,21,24,1,6,0,0,-0.5,1.56,6.42
36,514,Jay Marshall,OAK,51,0,42.0,50,33,30,22,18,1,2,0,2,-1.0,1.71,6.43
37,515,Danys Baez,BAL,53,0,50.1,50,36,36,29,29,0,6,3,2,-0.7,1.57,6.44
38,516,Colby Lewis,OAK,26,1,37.2,44,28,27,14,23,0,2,0,1,-0.7,1.54,6.45
39,517,Jason Jennings,HOU,19,18,99.0,119,73,71,34,71,2,9,0,0,-0.7,1.55,6.45
40,518,Wes Obermueller,FLA,18,7,59.0,72,49,43,36,35,2,3,0,0,-0.9,1.83,6.56
41,519,Hector Carrasco,LAA,29,1,38.1,44,34,28,23,33,2,1,0,0,-0.9,1.75,6.57
42,520,Robinson Tejeda,TEX,19,19,95.1,110,78,70,60,69,5,9,0,0,-1.3,1.78,6.61
0,521,Ryan Braun,KC,26,0,39.1,46,32,29,22,24,2,0,0,0,-0.6,1.73,6.64
1,522,Dallas Braden,OAK,20,14,72.1,91,59,54,26,55,1,8,0,0,-1.4,1.62,6.72
2,523,Arnie Munoz,WAS,13,0,5.1,6,4,4,7,3,0,0,0,1,-0.1,2.44,6.75
3,,Marcos Carvajal,FLA,3,0,4.0,8,4,3,2,2,0,0,0,0,-0.1,2.50,6.75
4,,Jorge Campillo,SEA,5,0,13.1,18,12,10,6,9,0,0,0,0,-0.3,1.80,6.75
5,,Tim Corcoran,TB,9,0,17.1,17,14,13,12,6,0,0,0,0,-0.3,1.67,6.75
6,,Mark Lowe,SEA,4,0,2.2,2,2,2,3,3,0,0,0,0,-0.1,1.88,6.75
7,,Frankie De La Cruz,DET,6,0,6.2,10,8,5,4,5,0,0,0,0,-0.2,2.10,6.75
8,529,Mike MacDougal,CWS,54,0,42.1,50,37,32,33,39,2,5,0,3,-1.4,1.96,6.80
9,530,Brian Lawrence,NYM,6,6,29.0,43,22,22,13,18,1,2,0,0,-0.4,1.93,6.83
10,RK,PLAYER,TEAM,GP,GS,IP,H,R,ER,BB,SO,W,L,SV,BLSV,WAR,WHIP,ERA
11,531,Rick VandenHurk,FLA,18,17,81.2,94,63,62,48,82,4,6,0,0,-0.9,1.74,6.83
12,532,Clay Hensley,SD,13,9,50.0,62,40,38,32,30,2,3,0,0,-1.0,1.88,6.84
13,533,Mike Maroth,DET/STL,27,20,116.1,168,103,89,50,51,5,7,0,0,-2.5,1.87,6.89
14,534,Mike Thompson,SD,7,0,15.2,19,15,12,7,5,0,1,0,0,-0.5,1.66,6.89
15,535,Sidney Ponson,MIN,7,7,37.2,54,31,29,17,23,2,5,0,0,-0.7,1.88,6.93
16,536,Radhames Liz,BAL,9,4,24.2,25,21,19,23,24,0,2,0,0,-0.3,1.95,6.93
17,537,Jaret Wright,BAL,3,3,10.1,12,11,8,9,7,0,3,0,0,-0.3,2.03,6.97
18,538,Brian Stokes,TB,59,0,62.1,90,49,49,25,35,2,7,0,2,-0.9,1.84,7.07
19,539,Nick Masset,CWS,27,1,39.1,52,33,31,26,21,2,3,0,1,-0.6,1.98,7.09
20,540,Lance Cormier,ATL,10,9,45.2,56,38,36,22,27,2,6,0,0,-1.0,1.71,7.09
21,RK,PLAYER,TEAM,GP,GS,IP,H,R,ER,BB,SO,W,L,SV,BLSV,WAR,WHIP,ERA
22,541,Jose Mesa,DET/PHI,56,0,50.2,53,48,40,25,29,2,3,1,0,-1.0,1.54,7.11
23,,Felipe Paulino,HOU,5,3,19.0,22,15,15,7,11,2,1,0,0,-0.2,1.53,7.11
24,543,Sean Henn,NYY,29,1,36.2,44,32,29,27,28,2,2,0,0,-0.7,1.94,7.12
25,544,Elmer Dessens,MIL/COL,17,5,34.0,45,32,27,12,22,2,2,0,0,-0.5,1.68,7.15
26,,Charlie Haeger,CWS,8,0,11.1,17,11,9,8,1,0,1,0,0,-0.2,2.21,7.15
27,546,Horacio Ramirez,SEA,20,20,98.0,139,86,78,42,40,8,7,0,0,-1.5,1.85,7.16
28,547,Kirk Saarloos,CIN,34,3,42.2,54,36,34,19,27,1,5,0,1,-0.9,1.71,7.17
29,548,Bruce Chen,TEX,5,0,10.0,11,11,8,6,7,0,0,0,0,-0.3,1.70,7.20
30,,Jerome Williams,WAS,6,6,30.0,34,26,24,18,15,0,5,0,0,-0.6,1.73,7.20
31,,Shawn Camp,TB,50,0,40.0,63,33,32,18,36,0,3,0,2,-0.9,2.03,7.20
32,RK,PLAYER,TEAM,GP,GS,IP,H,R,ER,BB,SO,W,L,SV,BLSV,WAR,WHIP,ERA
33,,Chase Wright,NYY,3,2,10.0,12,8,8,6,8,2,0,0,0,-0.1,1.80,7.20
34,552,Fernando Cabrera,BAL/CLE,33,0,43.2,50,36,35,31,48,1,2,1,0,-0.2,1.85,7.21
35,553,Eddie Guardado,CIN,15,0,13.2,16,11,11,4,8,0,0,0,2,-0.3,1.46,7.24
36,554,Travis Blackley,SF,2,2,8.2,10,7,7,5,5,0,0,0,0,-0.2,1.73,7.27
37,555,Jim Hoey,BAL,23,0,24.2,25,21,20,18,18,3,4,0,3,-0.6,1.74,7.30
38,556,Jae-Kuk Ryu,TB,17,0,23.1,31,19,19,11,14,1,2,0,1,-0.3,1.80,7.33
39,557,Josh Banks,TOR,3,1,7.1,11,6,6,2,2,0,0,0,0,-0.1,1.77,7.36
40,558,Hong-Chih Kuo,LA,8,6,30.1,35,26,25,14,27,1,4,0,0,-0.6,1.62,7.42
41,559,Billy Petrick,CHC,8,0,9.2,8,8,8,7,6,0,0,0,0,-0.2,1.55,7.45
42,560,John Patterson,WAS,7,7,31.1,39,26,26,22,15,1,5,0,0,-0.6,1.95,7.47
0,561,Josh Johnson,FLA,4,4,15.2,26,17,13,12,14,0,3,0,0,-0.6,2.43,7.47
1,562,Chris Carpenter,STL,1,1,6.0,9,5,5,1,3,0,1,0,0,-0.1,1.67,7.50
2,,Kelvin Jimenez,STL,34,0,42.0,56,36,35,17,24,3,0,0,0,-1.0,1.74,7.50
3,564,Todd Williams,BAL,14,0,14.1,19,12,12,4,9,0,2,0,1,-0.3,1.60,7.53
4,565,J.P. Howell,TB,10,10,51.0,69,45,43,21,49,1,6,0,0,-0.7,1.76,7.59
5,566,Jon Leicester,BAL,10,5,32.0,36,27,27,13,16,2,3,0,0,-0.4,1.53,7.59
6,567,Chris Reitsma,SEA,26,0,23.2,37,22,20,9,11,0,2,0,1,-0.7,1.94,7.61
7,568,Mark Redman,ATL/COL,11,8,41.1,59,37,35,17,27,2,4,0,0,0.4,1.84,7.62
8,569,Grant Balfour,MIL/TB,25,0,24.2,30,21,21,20,30,1,2,0,0,-0.1,2.03,7.66
9,570,Casey Fossum,TB,40,10,76.0,109,71,65,27,53,5,8,0,4,-1.8,1.79,7.70
10,RK,PLAYER,TEAM,GP,GS,IP,H,R,ER,BB,SO,W,L,SV,BLSV,WAR,WHIP,ERA
11,571,Elizardo Ramirez,CIN,4,3,16.1,20,14,14,8,8,0,2,0,0,-0.3,1.71,7.71
12,,Anthony Lerew,ATL,3,3,11.2,14,10,10,7,9,0,2,0,0,-0.3,1.80,7.71
13,,Jordan Tata,DET,3,3,14.0,16,12,12,8,8,1,1,0,0,-0.3,1.71,7.71
14,,Philip Humber,NYM,3,1,7.0,9,6,6,2,2,0,0,0,0,-0.2,1.57,7.71
15,,Nick Blackburn,MIN,6,0,11.2,19,12,10,2,8,0,2,0,1,-0.5,1.80,7.71
16,,Carlos Muniz,NYM,2,0,2.1,1,2,2,2,2,0,0,0,0,0.0,1.29,7.71
17,577,Rick White,SEA/HOU,29,0,34.2,47,31,30,18,18,1,1,0,1,-0.3,1.87,7.79
18,578,Garrett Olson,BAL,7,7,32.1,42,28,28,28,28,1,3,0,0,-0.6,2.16,7.79
19,579,John Koronka,TEX,2,2,10.1,16,9,9,5,2,0,2,0,0,-0.2,2.03,7.84
20,580,Jordan De Jong,TOR,6,0,9.0,11,9,8,5,7,0,0,0,0,-0.2,1.78,8.00
21,RK,PLAYER,TEAM,GP,GS,IP,H,R,ER,BB,SO,W,L,SV,BLSV,WAR,WHIP,ERA
22,581,Ryan Feierabend,SEA,13,9,49.1,73,44,44,23,27,1,6,0,0,-0.9,1.95,8.03
23,582,Jon Switzer,TB,21,0,19.0,27,17,17,7,13,0,2,0,0,-0.4,1.79,8.05
24,583,Tim Harikkala,COL,1,1,3.1,9,3,3,1,2,0,0,0,0,-0.1,3.00,8.10
25,,Bret Prinz,CWS,4,0,3.1,4,3,3,2,1,0,0,0,0,0.0,1.80,8.10
26,585,Kurt Birkins,BAL,19,2,34.1,52,31,31,14,30,1,2,0,0,-0.9,1.92,8.13
27,586,Jae Seo,TB,11,10,52.0,84,53,47,16,28,3,4,0,0,-1.3,1.92,8.13
28,587,Edwar Ramirez,NYY,21,0,21.0,24,19,19,14,31,1,1,1,2,-0.6,1.81,8.14
29,588,Jason Standridge,KC,4,0,7.2,11,10,7,5,6,0,1,0,0,-0.5,2.09,8.22
30,,John Ennis,PHI,3,1,7.2,12,7,7,3,8,0,0,1,0,-0.2,1.96,8.22
31,,Gary Majewski,CIN,32,0,23.0,43,22,21,3,10,0,4,0,3,-0.9,2.00,8.22
32,RK,PLAYER,TEAM,GP,GS,IP,H,R,ER,BB,SO,W,L,SV,BLSV,WAR,WHIP,ERA
33,,Marty McLeary,PIT,4,0,7.2,9,8,7,2,5,0,0,0,1,-0.3,1.43,8.22
34,592,Ramon Ramirez,COL,22,0,17.1,21,16,16,6,15,2,2,0,0,-0.7,1.56,8.31
35,,Edward Mujica,CLE,10,0,13.0,19,12,12,2,7,0,0,0,0,-0.2,1.62,8.31
36,594,Andrew Sisco,CWS,19,0,14.0,19,13,13,11,13,0,1,0,0,-0.4,2.14,8.36
37,595,Jonah Bayliss,PIT,39,0,37.2,51,36,35,18,29,4,3,0,1,-1.4,1.83,8.36
38,596,Julio DePaula,MIN,16,0,20.0,30,20,19,10,8,0,1,0,0,-0.5,2.00,8.55
39,597,Sean Gallagher,CHC,8,0,14.2,19,15,14,12,5,0,0,1,0,-0.4,2.11,8.59
40,598,Virgil Vasquez,DET,5,3,16.2,27,16,16,5,7,0,1,0,0,-0.5,1.92,8.64
41,599,Levale Speigner,WAS,19,6,40.0,58,39,39,23,19,2,3,0,0,-1.3,2.03,8.78
42,600,Dan Meyer,OAK,6,3,16.1,20,19,16,9,11,0,2,0,0,-0.7,1.78,8.82
0,601,Chris Seddon,FLA,7,4,17.1,29,19,17,5,10,0,2,0,0,-0.6,1.96,8.83
1,602,Rheal Cormier,CIN,6,0,3.0,4,3,3,1,1,0,0,0,0,-0.2,1.67,9.00
2,,Dan Kolb,PIT,3,0,3.0,6,3,3,2,2,0,0,0,0,-0.1,2.67,9.00
3,,Aaron Miles,STL,2,0,2.0,3,2,2,0,0,0,0,0,0,0.0,1.50,9.00
4,,Lino Urdaneta,NYM,2,0,1.0,2,1,1,0,0,0,0,0,0,0.0,2.00,9.00
5,,Ty Taubenheim,TOR,1,1,5.0,5,5,5,4,4,0,0,0,0,-0.2,1.80,9.00
6,,Jim Johnson,BAL,1,0,2.0,3,2,2,2,1,0,0,0,0,0.0,2.50,9.00
7,,Zack Segovia,PHI,1,1,5.0,8,5,5,1,2,0,1,0,0,-0.2,1.80,9.00
8,609,Jailen Peguero,ARI,18,0,14.2,17,15,15,13,9,1,0,0,0,-0.4,2.05,9.20
9,610,Masumi Kuwata,PIT,19,0,21.0,25,23,22,15,12,0,1,0,0,-1.0,1.90,9.43
10,RK,PLAYER,TEAM,GP,GS,IP,H,R,ER,BB,SO,W,L,SV,BLSV,WAR,WHIP,ERA
11,611,Jerry Blevins,OAK,6,0,4.2,8,6,5,2,3,0,1,0,0,-0.2,2.14,9.64
12,612,Paul Shuey,BAL,25,0,25.2,33,28,28,21,22,0,1,1,0,-1.0,2.10,9.82
13,,Juan Morillo,COL,4,0,3.2,3,4,4,1,3,0,0,0,0,-0.1,1.09,9.82
14,614,Ricky Stone,CIN,5,0,5.1,7,6,6,0,3,0,0,0,0,-0.2,1.31,10.13
15,,Clay Rapada,DET/CHC,5,0,2.2,3,3,3,2,4,0,0,0,0,-0.1,1.88,10.13
16,616,John Van Benschoten,PIT,11,9,39.0,55,45,44,29,26,0,7,0,0,-1.7,2.15,10.15
17,617,Victor Zambrano,BAL/TOR,13,4,23.0,32,26,26,22,16,0,3,0,0,-0.6,2.35,10.17
18,618,Andy Cavazos,STL,17,0,20.0,27,27,23,16,15,0,0,0,0,-0.9,2.15,10.35
19,619,Scott Elarton,KC,9,9,37.0,53,44,43,21,13,2,4,0,0,-1.6,2.00,10.46
20,620,Wade Miller,CHC,3,3,13.2,24,16,16,6,6,0,1,0,0,-0.6,2.20,10.54
21,RK,PLAYER,TEAM,GP,GS,IP,H,R,ER,BB,SO,W,L,SV,BLSV,WAR,WHIP,ERA
22,621,Mauro Zarate,FLA,4,0,5.0,11,7,6,1,3,0,0,0,0,-0.2,2.40,10.80
23,,Rich Thompson,LAA,7,0,6.2,10,8,8,3,9,0,0,0,0,-0.2,1.95,10.80
24,623,Jeff Karstens,NYY,7,3,14.2,27,21,18,9,5,1,4,0,0,-1.1,2.45,11.05
25,,Jon Meloan,LA,5,0,7.1,8,9,9,8,7,0,0,0,0,-0.2,2.18,11.05
26,625,Matt Smith,PHI,9,0,4.0,4,5,5,11,1,0,0,0,0,-0.3,3.75,11.25
27,,Bobby Keppel,COL,4,0,4.0,6,5,5,3,1,0,0,0,0,-0.2,2.25,11.25
28,,Dewon Day,CWS,13,0,12.0,19,15,15,9,7,0,1,0,0,-0.5,2.33,11.25
29,,J.A. Happ,PHI,1,1,4.0,7,5,5,2,5,0,1,0,0,-0.2,2.25,11.25
30,629,Ross Wolf,FLA,14,0,12.1,24,16,16,3,6,0,1,0,0,-0.7,2.19,11.68
31,630,Marcus Gwyn,LAA,3,0,5.1,9,9,7,5,3,0,0,1,0,-0.2,2.63,11.81
32,RK,PLAYER,TEAM,GP,GS,IP,H,R,ER,BB,SO,W,L,SV,BLSV,WAR,WHIP,ERA
33,631,Colter Bean,NYY,3,0,3.0,5,4,4,5,2,0,1,0,0,-0.2,3.33,12.00
34,632,Stephen Randolph,HOU,14,0,13.1,21,19,18,17,22,0,1,0,0,-0.8,2.85,12.15
35,633,Jason Vargas,NYM,2,2,10.1,17,14,14,2,4,0,1,0,0,-0.5,1.84,12.19
36,634,Mark Mulder,STL,3,3,11.0,22,17,15,7,3,0,3,0,0,-0.7,2.64,12.27
37,635,B.J. Ryan,TOR,5,0,4.1,7,7,6,4,3,0,2,3,2,-0.6,2.54,12.46
38,,Denny Bautista,COL,9,1,8.2,18,12,12,4,8,2,1,0,0,-0.7,2.54,12.46
39,,Josh Sharpless,PIT,6,0,4.1,7,6,6,1,1,0,1,0,0,-0.3,1.85,12.46
40,638,Jim Brower,NYY,3,0,3.1,8,7,5,2,1,0,0,0,0,-0.4,3.00,13.50
41,,Carlos Martinez,FLA,2,0,2.2,4,4,4,1,2,0,0,0,0,-0.1,1.88,13.50
42,,Anderson Garcia,PHI,1,0,0.2,2,1,1,0,0,0,0,0,0,0.0,3.00,13.50
0,641,Enrique Gonzalez,ARI,1,0,2.0,4,4,3,1,0,0,0,0,0,-0.1,2.50,13.50
1,,Brian Rogers,PIT,3,0,2.0,3,3,3,1,1,0,0,0,0,-0.1,2.00,13.50
2,,Juan Lara,CLE,1,0,1.1,2,2,2,1,2,0,0,0,0,-0.1,2.25,13.50
3,644,Dana Eveland,ARI,5,1,5.0,8,8,8,5,3,1,0,0,0,-0.4,2.60,14.40
4,645,Chad Orvella,TB,10,0,8.0,18,16,13,10,6,0,2,0,0,-0.9,3.50,14.63
5,646,Cory Doyne,BAL,5,0,3.2,7,6,6,3,2,0,0,0,0,-0.2,2.73,14.73
6,647,Dennis Dove,STL,3,0,3.0,5,5,5,1,1,0,0,0,0,-0.1,2.00,15.00
7,,Phil Dumatrait,CIN,6,6,18.0,39,30,30,12,9,0,4,0,0,-1.3,2.83,15.00
8,649,Chan Ho Park,NYM,1,1,4.0,6,7,7,2,4,0,1,0,0,-0.3,2.00,15.75
9,650,Yhency Brazoban,LA,4,0,1.2,3,4,3,3,5,0,0,0,0,-0.2,3.60,16.20
10,RK,PLAYER,TEAM,GP,GS,IP,H,R,ER,BB,SO,W,L,SV,BLSV,WAR,WHIP,ERA
11,651,Luke Hudson,KC,1,1,2.0,2,5,4,4,0,0,1,0,0,-0.3,3.00,18.00
12,,Chris Booker,WAS,3,0,1.0,1,2,2,1,1,0,1,0,1,-0.2,2.00,18.00
13,,Connor Robertson,OAK,3,0,2.0,6,4,4,2,2,0,0,0,0,-0.2,4.00,18.00
14,,Jason Miller,MIN,4,0,4.0,7,8,8,3,2,0,0,0,0,-0.3,2.50,18.00
15,655,Erick Threets,SF,3,0,2.1,5,5,5,3,1,0,0,0,0,-0.2,3.43,19.29
16,656,Tim Stauffer,SD,2,2,7.2,15,18,18,6,6,0,1,0,0,-0.7,2.74,21.13
17,657,Kevin Barry,ATL,1,0,2.0,6,5,5,2,4,0,0,0,0,-0.1,4.00,22.50
18,,David Davidson,PIT,2,0,2.0,6,6,5,2,0,0,0,0,0,-0.2,4.00,22.50
19,659,Dave Williams,NYM,2,1,4.1,12,11,11,5,2,0,1,0,0,-0.5,3.92,22.85
20,660,Nate Field,FLA,1,0,1.0,3,3,3,1,2,0,0,0,0,-0.1,4.00,27.00
21,RK,PLAYER,TEAM,GP,GS,IP,H,R,ER,BB,SO,W,L,SV,BLSV,WAR,WHIP,ERA
22,661,Dan Serafini,COL,3,0,0.1,0,2,2,2,0,0,0,0,0,-0.1,6.00,54.00
23,662,Jeff Ridgway,TB,3,0,0.1,7,7,7,1,0,0,0,0,0,-0.4,24.00,189.00
