,0,date,1,2,3,4,5,6,7,8,9,10,11,12,13,14,15,16,17,18,19,20,21
0,Padres,2011-04-3,Cardinals,Dustin Moseley,Jaime Garcia,Jason Bartlett,Orlando Hudson,Jorge Cantu,Ryan Ludwick,Chase Headley,Chris Denorfia,Cameron Maybin,Nick Hundley,Dustin Moseley,Ryan Theriot,Jon Jay,Albert Pujols,Lance Berkman,Colby Rasmus,Yadier Molina,Skip Schumaker,Jaime Garcia,Daniel DescalsoD. Descalso
1,Giants,2011-04-3,Dodgers,Barry Zito,Hiroki Kuroda,Andres Torres,Freddy Sanchez,Aubrey Huff,Buster Posey,Pablo Sandoval,Pat Burrell,Brandon Belt,Miguel Tejada,Barry Zito,Rafael Furcal,Jamey Carroll,Andre Ethier,Matt Kemp,Juan Uribe,James Loney,Rod Barajas,Marcus Thames,Hiroki Kuroda
0,Giants,2011-04-6,Padres,Tim Lincecum,Tim Stauffer,Andres Torres,Freddy Sanchez,Aubrey Huff,Buster Posey,Pablo Sandoval,Pat Burrell,Brandon Belt,Miguel Tejada,Tim Lincecum,Will Venable,Jason Bartlett,Orlando Hudson,Brad Hawpe,Ryan Ludwick,Chase Headley,Cameron Maybin,Nick Hundley,Tim Stauffer
0,Nationals,2011-04-9,Mets,Tom Gorzelanny,Chris Capuano,Ian Desmond,Jayson Werth,Ryan Zimmerman,Michael Morse,Wilson Ramos,Rick Ankiel,Danny Espinosa,Jerry Hairston,Tom Gorzelanny,Jose Reyes,Angel Pagan,David Wright,Carlos Beltran,Scott Hairston,Ike Davis,Chin-lung Hu,Mike Nickeas,Chris Capuano
1,Dodgers,2011-04-9,Padres,Hung-Chih Kuo,Heath Bell,Rafael Furcal,Casey Blake,Andre Ethier,Matt Kemp,Juan Uribe,James Loney,Xavier Paul,Rod Barajas,Hung-Chih Kuo,Will Venable,Jason Bartlett,Orlando Hudson,Jorge Cantu,Ryan Ludwick,Chase Headley,Cameron Maybin,Nick Hundley,Heath Bell
2,Dodgers,2011-04-9,Padres,Hiroki Kuroda,Dustin Moseley,Tony Gwynn Jr.,Casey Blake,Andre Ethier,Matt Kemp,Juan Uribe,James Loney,A.J. Ellis,Jamey Carroll,Hiroki Kuroda,Will Venable,Jason Bartlett,Orlando Hudson,Brad Hawpe,Chase Headley,Chris Denorfia,Cameron Maybin,Rob Johnson,Dustin Moseley
0,Nationals,2011-04-10,Mets,Jason Marquis,Chris Young,Ian Desmond,Rick Ankiel,Jayson Werth,Adam LaRoche,Michael Morse,Danny Espinosa,Ivan Rodriguez,Alex Cora,Jason Marquis,Jose Reyes,Willie Harris,David Wright,Ike Davis,Angel Pagan,Lucas Duda,Brad Emaus,Josh Thole,Chris Young
0,Cardinals,2011-04-15,Dodgers,Kyle Lohse,Jon Garland,Ryan Theriot,Colby Rasmus,Albert Pujols,Matt Holliday,Lance Berkman,David Freese,Yadier Molina,Skip Schumaker,Kyle Lohse,Tony Gwynn Jr.,Casey Blake,Andre Ethier,Matt Kemp,James Loney,Juan Uribe,Rod Barajas,Jamey Carroll,Jon Garland
0,Mets,2011-04-16,Braves,Mike Pelfrey,Jair Jurrjens,Jose Reyes,Angel Pagan,David Wright,Carlos Beltran,Ike Davis,Willie Harris,Daniel Murphy,Mike Nickeas,Mike Pelfrey,Martin Prado,Nate McLouth,Chipper Jones,Eric Hinske,Dan Uggla,Jason Heyward,Alex Gonzalez,David Ross,Jair Jurrjens
0,Nationals,2011-04-19,Cardinals,John Lannan,Jake Westbrook,Danny Espinosa,Rick Ankiel,Jayson Werth,Adam LaRoche,Wilson Ramos,Michael Morse,Ian Desmond,Jerry Hairston,John Lannan,Ryan Theriot,Colby Rasmus,Albert Pujols,Matt Holliday,Lance Berkman,David Freese,Yadier Molina,Tyler Greene,Jake Westbrook
1,Tigers,2011-04-19,Mariners,Phil Coke,Doug Fister,Austin Jackson,Will Rhymes,Don Kelly,Miguel Cabrera,Brennan Boesch,Ryan Raburn,Jhonny Peralta,Alex Avila,Brandon Inge,Ichiro Suzuki,Chone Figgins,Milton Bradley,Jack Cust,Miguel Olivo,Brendan Ryan,Jack Wilson,Chris Gimenez,Michael SaundersM. Saunders
0,Nationals,2011-04-20,Cardinals,John Lannan,Jake Westbrook,Danny Espinosa,Rick Ankiel,Jayson Werth,Adam LaRoche,Ian Desmond,Laynce Nix,Ivan Rodriguez,Alex Cora,John Lannan,Ryan Theriot,Colby Rasmus,Albert Pujols,Matt Holliday,Lance Berkman,David Freese,Gerald Laird,Tyler Greene,Jake Westbrook
1,Astros,2011-04-20,Mets,Bud Norris,R.A. Dickey,Michael Bourn,Angel Sanchez,Hunter Pence,Carlos Lee,Brett Wallace,Chris Johnson,Bill Hall,J.R. Towles,Bud Norris,Jose Reyes,Josh Thole,David Wright,Carlos Beltran,Ike Davis,Angel Pagan,Willie Harris,Daniel Murphy,R.A. Dickey
0,Nationals,2011-04-21,Cardinals,Tom Gorzelanny,Kyle Lohse,Danny Espinosa,Rick Ankiel,Jayson Werth,Adam LaRoche,Ian Desmond,Michael Morse,Ivan Rodriguez,Alex Cora,Tom Gorzelanny,Ryan Theriot,Colby Rasmus,Albert Pujols,Matt Holliday,David Freese,Yadier Molina,Nick Punto,Jon Jay,Kyle Lohse
0,Diamondbacks,2011-04-23,Mets,Barry Enright,Dillon Gee,Chris Young,Kelly Johnson,Justin Upton,Stephen Drew,Miguel Montero,Ryan Roberts,Juan Miranda,Gerardo Parra,Barry Enright,Jose Reyes,Daniel Murphy,David Wright,Carlos Beltran,Jason Bay,Ike Davis,Josh Thole,Jason Pridie,Dillon Gee
0,Mets,2011-04-27,Nationals,R.A. Dickey,Tom Gorzelanny,Jose Reyes,Justin Turner,David Wright,Carlos Beltran,Jason Bay,Ike Davis,Scott Hairston,Mike Nickeas,R.A. Dickey,Danny Espinosa,Rick Ankiel,Jayson Werth,Adam LaRoche,Wilson Ramos,Michael Morse,Jerry Hairston,Alex Cora,Tom Gorzelanny
1,Cardinals,2011-04-27,Astros,Kyle Lohse,J.A. Happ,Nick Punto,David Freese,Albert Pujols,Matt Holliday,Lance Berkman,Yadier Molina,Tyler Greene,Jon Jay,Kyle Lohse,Michael Bourn,Angel Sanchez,Hunter Pence,Carlos Lee,Brett Wallace,Chris Johnson,J.R. Towles,Joe Inglett,J.A. Happ
0,Giants,2011-04-29,Nationals,Tim Lincecum,Jason Marquis,Aaron Rowand,Freddy Sanchez,Aubrey Huff,Buster Posey,Pablo Sandoval,Pat Burrell,Miguel Tejada,Cody Ross,Tim Lincecum,Danny Espinosa,Rick Ankiel,Jayson Werth,Adam LaRoche,Wilson Ramos,Laynce Nix,Ian Desmond,Alex Cora,Jason Marquis
0,Padres,2011-04-30,Dodgers,Tim Stauffer,Hiroki Kuroda,Will Venable,Jason Bartlett,Ryan Ludwick,Chase Headley,Nick Hundley,Orlando Hudson,Cameron Maybin,Brad Hawpe,Tim Stauffer,Aaron Miles,Jerry Sands,Andre Ethier,Matt Kemp,Juan Uribe,James Loney,Rod Barajas,Jamey Carroll,Hiroki Kuroda
0,Cardinals,2011-04-31,Braves,Jaime Garcia,Derek Lowe,Nick Punto,Colby Rasmus,Albert Pujols,Matt Holliday,Lance Berkman,David Freese,Yadier Molina,Ryan Theriot,Jaime Garcia,Martin Prado,Jason Heyward,Chipper Jones,Brian McCann,Dan Uggla,Alex Gonzalez,Joe Mather,Nate McLouth,Derek Lowe
1,Twins,2011-04-31,Royals,Carl Pavano,Luke Hochevar,Denard Span,Jason Repko,Justin Morneau,Jason Kubel,Danny Valencia,Rene Tosoni,Luke Hughes,Drew Butera,Alexi Casilla,Jarrod Dyson,Mike Aviles,Alex Gordon,Billy Butler,Jeff Francoeur,Wilson Betemit,Kila Ka'aihue,Matt Treanor,Alcides EscobarA. Escobar
2,Padres,2011-04-31,Dodgers,Dustin Moseley,Jon Garland,Will Venable,Jason Bartlett,Chase Headley,Nick Hundley,Orlando Hudson,Cameron Maybin,Brad Hawpe,Eric Patterson,Dustin Moseley,Tony Gwynn Jr.,Aaron Miles,Andre Ethier,Matt Kemp,Juan Uribe,James Loney,Dioner Navarro,Jamey Carroll,Jon Garland
0,Cardinals,2011-05-1,Braves,Jaime Garcia,Derek Lowe,Nick Punto,Colby Rasmus,Albert Pujols,Matt Holliday,Lance Berkman,David Freese,Yadier Molina,Ryan Theriot,Jaime Garcia,Martin Prado,Jason Heyward,Chipper Jones,Brian McCann,Dan Uggla,Alex Gonzalez,Joe Mather,Nate McLouth,Derek Lowe
1,Twins,2011-05-1,Royals,Carl Pavano,Luke Hochevar,Denard Span,Jason Repko,Justin Morneau,Jason Kubel,Danny Valencia,Rene Tosoni,Luke Hughes,Drew Butera,Alexi Casilla,Jarrod Dyson,Mike Aviles,Alex Gordon,Billy Butler,Jeff Francoeur,Wilson Betemit,Kila Ka'aihue,Matt Treanor,Alcides EscobarA. Escobar
2,Padres,2011-05-1,Dodgers,Dustin Moseley,Jon Garland,Will Venable,Jason Bartlett,Chase Headley,Nick Hundley,Orlando Hudson,Cameron Maybin,Brad Hawpe,Eric Patterson,Dustin Moseley,Tony Gwynn Jr.,Aaron Miles,Andre Ethier,Matt Kemp,Juan Uribe,James Loney,Dioner Navarro,Jamey Carroll,Jon Garland
0,Orioles,2011-05-4,Royals,Jake Arrieta,Kyle Davies,Brian Roberts,Nick Markakis,Derrek Lee,Luke Scott,Adam Jones,Matt Wieters,Felix Pie,Mark Reynolds,Robert Andino,Mike Aviles,Melky Cabrera,Alex Gordon,Billy Butler,Jeff Francoeur,Wilson Betemit,Kila Ka'aihue,Matt Treanor,Alcides EscobarA. Escobar
0,Dodgers,2011-05-6,Mets,Hiroki Kuroda,Jonathon Niese,Jamey Carroll,Jerry Sands,Andre Ethier,Matt Kemp,Juan Uribe,James Loney,Rod Barajas,Aaron Miles,Hiroki Kuroda,Jose Reyes,Daniel Murphy,David Wright,Carlos Beltran,Jason Bay,Ike Davis,Jason Pridie,Josh Thole,Jonathon Niese
0,Dodgers,2011-05-7,Mets,Jon Garland,Dillon Gee,Aaron Miles,James Loney,Andre Ethier,Matt Kemp,Jay Gibbons,Juan Uribe,Dioner Navarro,Jamey Carroll,Jon Garland,Jose Reyes,Daniel Murphy,David Wright,Carlos Beltran,Jason Bay,Ike Davis,Jason Pridie,Josh Thole,Dillon Gee
0,Diamondbacks,2011-05-8,Padres,Joe Saunders,Aaron Harang,Chris Young,Ryan Roberts,Justin Upton,Miguel Montero,Xavier Nady,Melvin Mora,Gerardo Parra,Josh Wilson,Joe Saunders,Chris Denorfia,Jason Bartlett,Ryan Ludwick,Chase Headley,Jorge Cantu,Cameron Maybin,Rob Johnson,Logan Forsythe,Aaron Harang
0,Diamondbacks,2011-05-10,Giants,Ian Kennedy,Tim Lincecum,Kelly Johnson,Melvin Mora,Justin Upton,Stephen Drew,Chris Young,Miguel Montero,Juan Miranda,Gerardo Parra,Ian Kennedy,Andres Torres,Freddy Sanchez,Mike Fontenot,Buster Posey,Aubrey Huff,Cody Ross,Aaron Rowand,Mark DeRosa,Tim Lincecum
0,Dodgers,2011-05-12,Pirates,Jon Garland,Charlie Morton,Tony Gwynn Jr.,Aaron Miles,Andre Ethier,Matt Kemp,Juan Uribe,James Loney,Dioner Navarro,Jamey Carroll,Jon Garland,Xavier Paul,Jose Tabata,Garrett Jones,Neil Walker,Pedro Alvarez,Lyle Overbay,Chris Snyder,Ronny Cedeno,Charlie Morton
0,Diamondbacks,2011-05-15,Dodgers,Ian Kennedy,Ted Lilly,Chris Young,Kelly Johnson,Justin Upton,Stephen Drew,Xavier Nady,Ryan Roberts,Miguel Montero,Gerardo Parra,Ian Kennedy,Jamey Carroll,Aaron Miles,Andre Ethier,Matt Kemp,James Loney,Dioner Navarro,Juan Castro,Tony Gwynn Jr.,Ted Lilly
0,Rangers,2011-05-18,Royals,Alexi Ogando,Danny Duffy,Endy Chavez,Andres Blanco,Ian Kinsler,Michael Young,Adrian Beltre,Mitch Moreland,Mike Napoli,David Murphy,Craig Gentry,Alex Gordon,Melky Cabrera,Eric Hosmer,Jeff Francoeur,Billy Butler,Wilson Betemit,Matt Treanor,Chris Getz,Alcides EscobarA. Escobar
0,Astros,2011-06-2,Padres,Bud Norris,Tim Stauffer,Michael Bourn,Clint Barmes,Hunter Pence,Carlos Lee,Jeff Keppinger,Brett Wallace,Chris Johnson,J.R. Towles,Bud Norris,Eric Patterson,Jason Bartlett,Chase Headley,Ryan Ludwick,Brad Hawpe,Blake Tekotte,Kyle Phillips,Logan Forsythe,Tim Stauffer
0,Dodgers,2011-06-3,Reds,Hiroki Kuroda,Bronson Arroyo,Rafael Furcal,Casey Blake,Andre Ethier,Matt Kemp,Jay Gibbons,James Loney,Dioner Navarro,Aaron Miles,Hiroki Kuroda,Drew Stubbs,Miguel Cairo,Joey Votto,Jay Bruce,Scott Rolen,Fred Lewis,Ryan Hanigan,Paul Janish,Bronson Arroyo
0,Cardinals,2011-06-9,Astros,Lance Lynn,J.A. Happ,Ryan Theriot,Jon Jay,Albert Pujols,Lance Berkman,Mark Hamilton,Tony Cruz,Colby Rasmus,Tyler Greene,Lance Lynn,Michael Bourn,Jeff Keppinger,Hunter Pence,Carlos Lee,Brett Wallace,Chris Johnson,Clint Barmes,J.R. Towles,J.A. Happ
0,Mets,2011-06-14,Braves,Jonathon Niese,Jair Jurrjens,Jose Reyes,Willie Harris,Carlos Beltran,Daniel Murphy,Angel Pagan,Lucas Duda,Josh Thole,Ruben Tejada,Jonathon Niese,Jordan Schafer,Dan Uggla,Chipper Jones,Eric Hinske,Alex Gonzalez,David Ross,Joe Mather,Matt Young,Jair Jurrjens
0,Mets,2011-06-15,Braves,Dillon Gee,Tim Hudson,Jose Reyes,Ruben Tejada,Carlos Beltran,Daniel Murphy,Angel Pagan,Jason Bay,Lucas Duda,Josh Thole,Dillon Gee,Jordan Schafer,Dan Uggla,Brian McCann,Chipper Jones,Eric Hinske,Alex Gonzalez,Jason Heyward,Joe Mather,Tim Hudson
0,Orioles,2011-06-17,Nationals,Zack Britton,Jason Marquis,J.J. Hardy,Nick Markakis,Adam Jones,Matt Wieters,Luke Scott,Derrek Lee,Mark Reynolds,Robert Andino,Zack Britton,Jayson Werth,Ian Desmond,Ryan Zimmerman,Michael Morse,Danny Espinosa,Wilson Ramos,Jerry Hairston,Jason Marquis,Roger BernadinaR. Bernadina
1,Angels,2011-06-17,Mets,Joel Pineiro,Chris Capuano,Maicer Izturis,Erick Aybar,Torii Hunter,Vernon Wells,Howie Kendrick,Mark Trumbo,Peter Bourjos,Jeff Mathis,Joel Pineiro,Jose Reyes,Justin Turner,Carlos Beltran,Daniel Murphy,Angel Pagan,Jason Bay,Ronny Paulino,Ruben Tejada,Chris Capuano
0,Angels,2011-06-19,Mets,Tyler Chatwood,Jonathon Niese,Maicer Izturis,Erick Aybar,Torii Hunter,Vernon Wells,Howie Kendrick,Mark Trumbo,Peter Bourjos,Jeff Mathis,Tyler Chatwood,Jose Reyes,Justin Turner,Carlos Beltran,Daniel Murphy,Angel Pagan,Jason Bay,Josh Thole,Ruben Tejada,Jonathon Niese
0,Diamondbacks,2011-06-21,Royals,Joe Saunders,Luke Hochevar,Ryan Roberts,Kelly Johnson,Justin Upton,Stephen Drew,Chris Young,Miguel Montero,Wily Mo Pena,Juan Miranda,Gerardo Parra,Alex Gordon,Melky Cabrera,Eric Hosmer,Jeff Francoeur,Billy Butler,Mike Moustakas,Matt Treanor,Chris Getz,Alcides EscobarA. Escobar
0,Dodgers,2011-06-31,Angels,Hiroki Kuroda,Tyler Chatwood,Tony Gwynn Jr.,Casey Blake,Andre Ethier,Matt Kemp,James Loney,Aaron Miles,Trent Oeltjen,A.J. Ellis,Dee Gordon,Maicer Izturis,Torii Hunter,Bobby Abreu,Vernon Wells,Howie Kendrick,Erick Aybar,Mark Trumbo,Hank Conger,Peter Bourjos
0,Dodgers,2011-07-1,Angels,Hiroki Kuroda,Tyler Chatwood,Tony Gwynn Jr.,Casey Blake,Andre Ethier,Matt Kemp,James Loney,Aaron Miles,Trent Oeltjen,A.J. Ellis,Dee Gordon,Maicer Izturis,Torii Hunter,Bobby Abreu,Vernon Wells,Howie Kendrick,Erick Aybar,Mark Trumbo,Hank Conger,Peter Bourjos
0,Mets,2011-07-5,Dodgers,Mike Pelfrey,Ted Lilly,Angel Pagan,Justin Turner,Carlos Beltran,Ronny Paulino,Jason Bay,Daniel Murphy,Ruben Tejada,Lucas Duda,Mike Pelfrey,Tony Gwynn Jr.,Rafael Furcal,Aaron Miles,Matt Kemp,James Loney,Juan Uribe,Trent Oeltjen,A.J. Ellis,Ted Lilly
0,Mets,2011-07-6,Dodgers,Jonathon Niese,Hiroki Kuroda,Angel Pagan,Justin Turner,Carlos Beltran,Daniel Murphy,Jason Bay,Lucas Duda,Ruben Tejada,Josh Thole,Jonathon Niese,Rafael Furcal,Jamey Carroll,Andre Ethier,Matt Kemp,Juan Uribe,James Loney,Eugenio Velez,A.J. Ellis,Hiroki Kuroda
0,Diamondbacks,2011-07-7,Cardinals,Joe Saunders,Kyle McClellan,Ryan Roberts,Stephen Drew,Justin Upton,Chris Young,Miguel Montero,Xavier Nady,Sean Burroughs,Gerardo Parra,Joe Saunders,Ryan Theriot,David Freese,Albert Pujols,Matt Holliday,Lance Berkman,Yadier Molina,Nick Punto,Jon Jay,Kyle McClellan
0,Diamondbacks,2011-07-8,Cardinals,Ian Kennedy,Kyle Lohse,Kelly Johnson,Stephen Drew,Justin Upton,Chris Young,Miguel Montero,Sean Burroughs,Juan Miranda,Gerardo Parra,Ian Kennedy,Skip Schumaker,David Freese,Albert Pujols,Matt Holliday,Lance Berkman,Colby Rasmus,Gerald Laird,Kyle Lohse,Daniel DescalsoD. Descalso
0,Mariners,2011-07-9,Angels,Michael Pineda,Joel Pineiro,Ichiro Suzuki,Brendan Ryan,Dustin Ackley,Miguel Olivo,Adam Kennedy,Justin Smoak,Kyle Seager,Greg Halman,Carlos Peguero,Maicer Izturis,Torii Hunter,Bobby Abreu,Vernon Wells,Howie Kendrick,Erick Aybar,Mark Trumbo,Hank Conger,Mike Trout
0,Dodgers,2011-07-16,Diamondbacks,Hiroki Kuroda,Ian Kennedy,Tony Gwynn Jr.,Rafael Furcal,Andre Ethier,Matt Kemp,Juan Rivera,Aaron Miles,Juan Uribe,Dioner Navarro,Hiroki Kuroda,Kelly Johnson,Stephen Drew,Justin Upton,Chris Young,Miguel Montero,Geoff Blum,Brandon Allen,Gerardo Parra,Ian Kennedy
0,Cardinals,2011-07-19,Mets,Kyle Lohse,Dillon Gee,Ryan Theriot,Jon Jay,Albert Pujols,Matt Holliday,Lance Berkman,David Freese,Yadier Molina,Kyle Lohse,Skip Schumaker,Jose Reyes,Justin Turner,Carlos Beltran,Daniel Murphy,Angel Pagan,Jason Bay,Lucas Duda,Ronny Paulino,Dillon Gee
0,Nationals,2011-07-23,Dodgers,Tom Gorzelanny,Ted Lilly,Jerry Hairston,Danny Espinosa,Ryan Zimmerman,Michael Morse,Jayson Werth,Wilson Ramos,Rick Ankiel,Ian Desmond,Tom Gorzelanny,Rafael Furcal,Aaron Miles,Andre Ethier,Matt Kemp,Juan Rivera,James Loney,Juan Uribe,Dioner Navarro,Ted Lilly
0,Diamondbacks,2011-07-28,Padres,Daniel Hudson,Mat Latos,Kelly Johnson,Gerardo Parra,Justin Upton,Miguel Montero,Chris Young,Brandon Allen,Cody Ransom,Ryan Roberts,Daniel Hudson,Will Venable,Jason Bartlett,Cameron Maybin,Chase Headley,Jesus Guzman,Orlando Hudson,Kyle Blanks,Luis Martinez,Mat Latos
0,Mets,2011-07-30,Nationals,R.A. Dickey,Yunesky Maya,Jose Reyes,Justin Turner,Daniel Murphy,David Wright,Angel Pagan,Jason Bay,Lucas Duda,Josh Thole,R.A. Dickey,Rick Ankiel,Ian Desmond,Ryan Zimmerman,Michael Morse,Jayson Werth,Danny Espinosa,Jonny Gomes,Wilson Ramos,Yunesky Maya
0,Dodgers,2011-08-2,Padres,Hiroki Kuroda,Mat Latos,Dee Gordon,Casey Blake,Aaron Miles,Matt Kemp,Juan Rivera,James Loney,Dioner Navarro,Tony Gwynn Jr.,Hiroki Kuroda,Cameron Maybin,Jason Bartlett,Chase Headley,Jesus Guzman,Orlando Hudson,Blake Tekotte,Kyle Blanks,Rob Johnson,Mat Latos
0,Padres,2011-08-7,Pirates,Mat Latos,Kevin Correia,Will Venable,Jason Bartlett,Cameron Maybin,Jesus Guzman,Orlando Hudson,Kyle Blanks,Logan Forsythe,Luis Martinez,Mat Latos,Xavier Paul,Matt Diaz,Neil Walker,Ryan Ludwick,Garrett Jones,Ryan Doumit,Pedro Alvarez,Brandon Wood,Kevin Correia
1,Reds,2011-08-7,Cubs,Bronson Arroyo,Randy Wells,Dave Sappelt,Edgar Renteria,Joey Votto,Jay Bruce,Todd Frazier,Drew Stubbs,Ryan Hanigan,Paul Janish,Bronson Arroyo,Starlin Castro,Tony Campana,Aramis Ramirez,Carlos Pena,Marlon Byrd,Blake DeWitt,Geovany Soto,Tyler Colvin,Randy Wells
0,Padres,2011-08-8,Mets,Tim Stauffer,Mike Pelfrey,Will Venable,Jason Bartlett,Cameron Maybin,Jesus Guzman,Orlando Hudson,Kyle Blanks,Logan Forsythe,Luis Martinez,Tim Stauffer,Angel Pagan,Justin Turner,David Wright,Lucas Duda,Jason Bay,Willie Harris,Ronny Paulino,Ruben Tejada,Mike Pelfrey
0,Padres,2011-08-12,Reds,Mat Latos,Bronson Arroyo,Will Venable,Jason Bartlett,Cameron Maybin,Jesus Guzman,Orlando Hudson,Blake Tekotte,Nick Hundley,Logan Forsythe,Mat Latos,Fred Lewis,Paul Janish,Joey Votto,Jay Bruce,Miguel Cairo,Drew Stubbs,Ryan Hanigan,Todd Frazier,Bronson Arroyo
1,Mets,2011-08-12,Diamondbacks,Dillon Gee,Ian Kennedy,Angel Pagan,Willie Harris,David Wright,Lucas Duda,Jason Bay,Josh Thole,Jason Pridie,Ruben Tejada,Dillon Gee,Ryan Roberts,Gerardo Parra,Justin Upton,Miguel Montero,Chris Young,Xavier Nady,Sean Burroughs,Cody Ransom,Ian Kennedy
0,Padres,2011-08-23,Giants,Mat Latos,Matt Cain,Will Venable,Jason Bartlett,Cameron Maybin,Jesus Guzman,Orlando Hudson,Kyle Blanks,Nick Hundley,Logan Forsythe,Mat Latos,Mike Fontenot,Jeff Keppinger,Pablo Sandoval,Aubrey Huff,Brandon Belt,Cody Ross,Aaron Rowand,Chris Stewart,Matt Cain
0,Angels,2011-08-27,Rangers,Ervin Santana,C.J. Wilson,Maicer Izturis,Peter Bourjos,Howie Kendrick,Torii Hunter,Mark Trumbo,Vernon Wells,Erick Aybar,Mike Trout,Bobby Wilson,Ian Kinsler,Elvis Andrus,Josh Hamilton,Michael Young,Mike Napoli,Mitch Moreland,Nelson Cruz,David Murphy,Endy Chavez
0,Mets,2011-09-2,Nationals,R.A. Dickey,Ross Detwiler,Jose Reyes,Justin Turner,Lucas Duda,David Wright,Angel Pagan,Jason Bay,Nick Evans,Mike Nickeas,R.A. Dickey,Ian Desmond,Rick Ankiel,Ryan Zimmerman,Michael Morse,Jayson Werth,Chris Marrero,Wilson Ramos,Alex Cora,Ross Detwiler
0,Orioles,2011-09-7,Yankees,Zack Britton,A.J. Burnett,Matt Angle,Robert Andino,Nick Markakis,Mark Reynolds,Nolan Reimold,Chris Davis,Ryan Adams,Kyle Hudson,Craig Tatum,Eduardo Nunez,Russell Martin,Nick Swisher,Alex Rodriguez,Andruw Jones,Jesus Montero,Brandon Laird,Greg Golson,Ramiro Pena
0,Cubs,2011-09-11,Mets,Matt Garza,Miguel Batista,Starlin Castro,Tony Campana,Bryan LaHair,Carlos Pena,Tyler Colvin,DJ LeMahieu,Darwin Barney,Koyie Hill,Matt Garza,Jose Reyes,Ruben Tejada,Lucas Duda,David Wright,Angel Pagan,Jason Bay,Nick Evans,Ronny Paulino,Miguel Batista
0,Nationals,2011-09-14,Mets,Brad Peacock,Mike Pelfrey,Ian Desmond,Rick Ankiel,Ryan Zimmerman,Michael Morse,Jayson Werth,Danny Espinosa,Chris Marrero,Jesus Flores,Brad Peacock,Jose Reyes,Ruben Tejada,Lucas Duda,David Wright,Angel Pagan,Jason Bay,Josh Satin,Josh Thole,Mike Pelfrey
0,Mets,2011-09-18,Braves,Dillon Gee,Brandon Beachy,Ruben Tejada,Jason Pridie,David Wright,Lucas Duda,Jason Bay,Nick Evans,Josh Thole,Justin Turner,Dillon Gee,Michael Bourn,Martin Prado,Chipper Jones,Dan Uggla,Brian McCann,Matt Diaz,Alex Gonzalez,Jason Heyward,Brandon Beachy
0,Mets,2011-09-20,Cardinals,Mike Pelfrey,Edwin Jackson,Jose Reyes,Angel Pagan,David Wright,Lucas Duda,Willie Harris,Nick Evans,Josh Thole,Ruben Tejada,Mike Pelfrey,Rafael Furcal,Allen Craig,Albert Pujols,Lance Berkman,David Freese,Jon Jay,Yadier Molina,Skip Schumaker,Edwin Jackson
0,Mets,2011-09-22,Cardinals,Chris Capuano,Jake Westbrook,Jose Reyes,Ruben Tejada,Angel Pagan,David Wright,Willie Harris,Nick Evans,Josh Thole,Mike Baxter,Chris Capuano,Rafael Furcal,Allen Craig,Albert Pujols,Lance Berkman,David Freese,Yadier Molina,Ryan Theriot,Jon Jay,Jake Westbrook
0,Cubs,2011-09-28,Padres,Ryan Dempster,Wade LeBlanc,Starlin Castro,Blake DeWitt,Aramis Ramirez,Jeff Baker,Reed Johnson,Lou Montanez,Tony Campana,Koyie Hill,Ryan Dempster,Cameron Maybin,Will Venable,Nick Hundley,Chase Headley,Orlando Hudson,Chris Denorfia,Anthony Rizzo,Andy Parrino,Wade LeBlanc
0,Nationals,2012-04-1,Cardinals,Gio Gonzalez,Jaime Garcia,Ian Desmond,Danny Espinosa,Ryan Zimmerman,Jayson Werth,Mark DeRosa,Adam LaRoche,Xavier Nady,Wilson Ramos,Gio Gonzalez,Tyler Greene,Carlos Beltran,Matt Holliday,David Freese,Yadier Molina,Matt Carpenter,Shane Robinson,Rafael Furcal,Jaime Garcia
1,Tigers,2012-04-1,Mets,Thad Weber,R.A. Dickey,Andy Dirks,Clete Thomas,Ramon Santiago,Prince Fielder,Don Kelly,Danny Worth,Daniel Fields,James McCann,Corey Jones,Ruben Tejada,Daniel Murphy,David Wright,Ike Davis,Jason Bay,Lucas Duda,Scott Hairston,Mike Nickeas,Ronny Cedeno
2,Padres,2012-04-1,Rangers,Cory Luebke,Colby Lewis,Cameron Maybin,Will Venable,Chase Headley,Jesus Guzman,Yonder Alonso,Kyle Blanks,Orlando Hudson,Jason Bartlett,John Baker,Ian Kinsler,Elvis Andrus,Michael Young,Adrian Beltre,Nelson Cruz,David Murphy,Luis Martinez,Mitch Moreland,Julio Borbon
0,Blue Jays,2012-04-2,Tigers,Brett Cecil,Drew Smyly,Rajai Davis,Omar Vizquel,Ben Francisco,Adam Lind,Eric Thames,Jeff Mathis,Luis Valbuena,Marcus Knecht,Kevin Ahrens,Austin Jackson,Brennan Boesch,Miguel Cabrera,Prince Fielder,Delmon Young,Ryan Raburn,Jhonny Peralta,Alex Avila,Ramon Santiago
0,Angels,2012-04-4,Dodgers,C.J. Wilson,Nathan Eovaldi,Erick Aybar,Howie Kendrick,Albert Pujols,Torii Hunter,Vernon Wells,Mark Trumbo,Chris Iannetta,Peter Bourjos,C.J. Wilson,Tony Gwynn Jr.,Justin Sellers,Andre Ethier,Juan Rivera,Adam Kennedy,Tim Federowicz,Luis Cruz,Matt Angle,Nathan Eovaldi
0,Dodgers,2012-04-7,Padres,Chris Capuano,Dustin Moseley,Dee Gordon,Mark Ellis,Matt Kemp,Andre Ethier,James Loney,Adam Kennedy,A.J. Ellis,Tony Gwynn Jr.,Chris Capuano,Cameron Maybin,Chris Denorfia,Chase Headley,Jesus Guzman,Nick Hundley,Yonder Alonso,Orlando Hudson,Jason Bartlett,Dustin Moseley
0,Reds,2012-04-14,Nationals,Homer Bailey,Edwin Jackson,Willie Harris,Zack Cozart,Joey Votto,Jay Bruce,Miguel Cairo,Chris Heisey,Drew Stubbs,Devin Mesoraco,Homer Bailey,Ian Desmond,Danny Espinosa,Ryan Zimmerman,Adam LaRoche,Jayson Werth,Xavier Nady,Rick Ankiel,Jesus Flores,Edwin Jackson
1,Padres,2012-04-14,Dodgers,Joe Wieland,Ted Lilly,Cameron Maybin,Chris Denorfia,Chase Headley,Jesus Guzman,Yonder Alonso,Nick Hundley,Jason Bartlett,Orlando Hudson,Joe Wieland,Dee Gordon,Tony Gwynn Jr.,Matt Kemp,Andre Ethier,James Loney,Jerry Hairston,Adam Kennedy,Matt Treanor,Ted Lilly
0,Rangers,2012-04-20,Tigers,Matt Harrison,Rick Porcello,Ian Kinsler,Elvis Andrus,Josh Hamilton,Adrian Beltre,Michael Young,Nelson Cruz,David Murphy,Mike Napoli,Mitch Moreland,Austin Jackson,Brennan Boesch,Miguel Cabrera,Prince Fielder,Delmon Young,Ryan Raburn,Jhonny Peralta,Alex Avila,Brandon Inge
0,Rangers,2012-04-21,Tigers,Matt Harrison,Rick Porcello,Ian Kinsler,Elvis Andrus,Josh Hamilton,Adrian Beltre,Michael Young,Nelson Cruz,David Murphy,Mike Napoli,Mitch Moreland,Austin Jackson,Brennan Boesch,Miguel Cabrera,Prince Fielder,Delmon Young,Ryan Raburn,Jhonny Peralta,Brandon Inge,Gerald Laird
0,Padres,2012-04-27,Giants,Cory Luebke,Eric Hacker,Will Venable,Jesus Guzman,Chase Headley,Nick Hundley,Yonder Alonso,Orlando Hudson,Cameron Maybin,Andy Parrino,Cory Luebke,Angel Pagan,Melky Cabrera,Pablo Sandoval,Buster Posey,Brett Pill,Joaquin Arias,Hector Sanchez,Ryan Theriot,Eric Hacker
0,Rangers,2012-05-7,Orioles,Matt Harrison,Brian Matusz,Ian Kinsler,Elvis Andrus,Josh Hamilton,Adrian Beltre,Michael Young,Nelson Cruz,Mike Napoli,Brandon Snyder,Craig Gentry,Robert Andino,J.J. Hardy,Nick Markakis,Adam Jones,Matt Wieters,Mark Reynolds,Wilson Betemit,Chris Davis,Luis Exposito
1,Tigers,2012-05-7,Mariners,Doug Fister,Blake Beavan,Austin Jackson,Andy Dirks,Miguel Cabrera,Prince Fielder,Delmon Young,Alex Avila,Jhonny Peralta,Brennan Boesch,Ryan Raburn,Dustin Ackley,Brendan Ryan,Ichiro Suzuki,Jesus Montero,Kyle Seager,John Jaso,Justin Smoak,Mike Carp,Michael SaundersM. Saunders
0,Rangers,2012-05-8,Orioles,Neftali Feliz,Jake Arrieta,Ian Kinsler,Elvis Andrus,Josh Hamilton,Adrian Beltre,Michael Young,David Murphy,Nelson Cruz,Mike Napoli,Mitch Moreland,Endy Chavez,J.J. Hardy,Nick Markakis,Adam Jones,Matt Wieters,Chris Davis,Wilson Betemit,Mark Reynolds,Robert Andino
0,Tigers,2012-05-9,Mariners,Drew Smyly,Jason Vargas,Austin Jackson,Brennan Boesch,Miguel Cabrera,Prince Fielder,Delmon Young,Ryan Raburn,Jhonny Peralta,Gerald Laird,Danny Worth,John Jaso,Brendan Ryan,Ichiro Suzuki,Jesus Montero,Kyle Seager,Justin Smoak,Alex Liddi,Casper Wells,Chone Figgins
0,Rangers,2012-05-10,Orioles,Derek Holland,Tommy Hunter,Ian Kinsler,Elvis Andrus,Josh Hamilton,Adrian Beltre,Michael Young,David Murphy,Nelson Cruz,Mike Napoli,Mitch Moreland,Robert Andino,J.J. Hardy,Nick Markakis,Adam Jones,Matt Wieters,Wilson Betemit,Mark Reynolds,Steve Tolleson,Luis Exposito
0,Angels,2012-05-18,Padres,Jered Weaver,Jeff Suppan,Mike Trout,Maicer Izturis,Albert Pujols,Mark Trumbo,Howie Kendrick,Vernon Wells,Erick Aybar,Bobby Wilson,Jered Weaver,Will Venable,Cameron Maybin,Chase Headley,Yonder Alonso,Jesus Guzman,John Baker,Everth Cabrera,Alexi Amarista,Jeff Suppan
1,Cardinals,2012-05-18,Dodgers,Lance Lynn,Ted Lilly,Rafael Furcal,Matt Carpenter,Matt Holliday,Carlos Beltran,David Freese,Yadier Molina,Tyler Greene,Shane Robinson,Lance Lynn,Dee Gordon,Mark Ellis,Bobby Abreu,Andre Ethier,Adam Kennedy,James Loney,A.J. Ellis,Tony Gwynn Jr.,Ted Lilly
0,Rangers,2012-05-19,Astros,Derek Holland,Lucas Harrell,Ian Kinsler,Elvis Andrus,Josh Hamilton,Adrian Beltre,Michael Young,David Murphy,Nelson Cruz,Mike Napoli,Derek Holland,Jordan Schafer,Jose Altuve,Justin Maxwell,Carlos Lee,Jed Lowrie,Matt Downs,J.D. Martinez,Chris Snyder,Lucas Harrell
0,Angels,2012-05-20,Padres,Ervin Santana,Anthony Bass,Mike Trout,Maicer Izturis,Albert Pujols,Mark Trumbo,Howie Kendrick,Vernon Wells,Erick Aybar,Bobby Wilson,Ervin Santana,Will Venable,Cameron Maybin,Chase Headley,Yonder Alonso,Nick Hundley,Alexi Amarista,Everth Cabrera,Blake Tekotte,Anthony Bass
0,Padres,2012-05-23,Cardinals,Jeff Suppan,Lance Lynn,Will Venable,Cameron Maybin,Yonder Alonso,Jesus Guzman,Chase Headley,Nick Hundley,Andy Parrino,Everth Cabrera,Jeff Suppan,Rafael Furcal,Skip Schumaker,Matt Holliday,Carlos Beltran,David Freese,Yadier Molina,Matt Adams,Tyler Greene,Lance Lynn
0,Padres,2012-05-24,Mets,Eric Stults,Jeremy Hefner,Will Venable,Cameron Maybin,Yonder Alonso,Jesus Guzman,Chase Headley,Nick Hundley,Andy Parrino,Everth Cabrera,Eric Stults,Ronny Cedeno,Daniel Murphy,David Wright,Scott Hairston,Lucas Duda,Vinny Rottino,Andres Torres,Rob Johnson,Jeremy Hefner
0,Padres,2012-06-16,Athletics,Ross Ohlendorf,Tyson Ross,Will Venable,Everth Cabrera,Chase Headley,Carlos Quentin,Mark Kotsay,Yonder Alonso,Cameron Maybin,John Baker,Alexi Amarista,Coco Crisp,Jemile Weeks,Josh Reddick,Seth Smith,Brandon Inge,Brandon Moss,Collin Cowgill,Kurt Suzuki,Cliff PenningtonC. Pennington
0,Rangers,2012-06-18,Padres,Matt Harrison,Jason Marquis,Ian Kinsler,Elvis Andrus,Michael Young,Adrian Beltre,Nelson Cruz,David Murphy,Mike Napoli,Leonys Martin,Matt Harrison,Chris Denorfia,Cameron Maybin,Chase Headley,Carlos Quentin,Jesus Guzman,Everth Cabrera,Nick Hundley,Alexi Amarista,Jason Marquis
0,Nationals,2012-06-23,Orioles,Edwin Jackson,Wei-Yin Chen,Danny Espinosa,Bryce Harper,Ryan Zimmerman,Michael Morse,Adam LaRoche,Ian Desmond,Tyler Moore,Xavier Nady,Jesus Flores,Brian Roberts,J.J. Hardy,Chris Davis,Adam Jones,Matt Wieters,Wilson Betemit,Mark Reynolds,Nick Johnson,Steve Pearce
0,Tigers,2012-06-25,Rangers,Rick Porcello,Justin Grimm,Austin Jackson,Quintin Berry,Miguel Cabrera,Prince Fielder,Delmon Young,Brennan Boesch,Jhonny Peralta,Ramon Santiago,Gerald Laird,Ian Kinsler,Elvis Andrus,Josh Hamilton,Adrian Beltre,Michael Young,Nelson Cruz,David Murphy,Mike Napoli,Leonys Martin
0,Angels,2012-06-26,Orioles,C.J. Wilson,Brian Matusz,Mike Trout,Torii Hunter,Albert Pujols,Mark Trumbo,Howie Kendrick,Erick Aybar,Maicer Izturis,Peter Bourjos,John Hester,Brian Roberts,J.J. Hardy,Adam Jones,Matt Wieters,Mark Reynolds,Wilson Betemit,Steve Pearce,Steve Tolleson,Robert Andino
0,Tigers,2012-06-27,Rangers,Doug Fister,Roy Oswalt,Austin Jackson,Quintin Berry,Miguel Cabrera,Prince Fielder,Delmon Young,Alex Avila,Jhonny Peralta,Brennan Boesch,Ryan Raburn,Ian Kinsler,Elvis Andrus,Josh Hamilton,Adrian Beltre,Michael Young,Nelson Cruz,David Murphy,Mike Napoli,Leonys Martin
0,Orioles,2012-07-8,Angels,Wei-Yin Chen,Brad Mills,Robert Andino,J.J. Hardy,Matt Wieters,Adam Jones,Mark Reynolds,Chris Davis,Steve Pearce,Steve Tolleson,Ronny Paulino,Mike Trout,Torii Hunter,Albert Pujols,Mark Trumbo,Howie Kendrick,Erick Aybar,Peter Bourjos,Maicer Izturis,John Hester
0,Tigers,2012-07-13,Orioles,Doug Fister,Jason Hammel,Austin Jackson,Quintin Berry,Miguel Cabrera,Prince Fielder,Delmon Young,Brennan Boesch,Jhonny Peralta,Alex Avila,Ryan Raburn,Nick Markakis,J.J. Hardy,Jim Thome,Adam Jones,Matt Wieters,Chris Davis,Mark Reynolds,Wilson Betemit,Robert Andino
0,Tigers,2012-07-14,Orioles,Max Scherzer,Wei-Yin Chen,Austin Jackson,Ramon Santiago,Miguel Cabrera,Prince Fielder,Delmon Young,Jhonny Peralta,Ryan Raburn,Gerald Laird,Quintin Berry,Nick Markakis,J.J. Hardy,Jim Thome,Adam Jones,Matt Wieters,Chris Davis,Mark Reynolds,Wilson Betemit,Robert Andino
0,Padres,2012-07-15,Dodgers,Jason Marquis,Chris Capuano,Chris Denorfia,Logan Forsythe,Chase Headley,Carlos Quentin,Yonder Alonso,Cameron Maybin,Everth Cabrera,John Baker,Jason Marquis,Tony Gwynn Jr.,Mark Ellis,Andre Ethier,Bobby Abreu,James Loney,Jerry Hairston,Juan Uribe,Matt Treanor,Chris Capuano
0,Dodgers,2012-07-20,Mets,Aaron Harang,Johan Santana,Bobby Abreu,Mark Ellis,Matt Kemp,Andre Ethier,Juan Rivera,Jerry Hairston,Luis Cruz,Matt Treanor,Aaron Harang,Ruben Tejada,Daniel Murphy,David Wright,Ike Davis,Lucas Duda,Jason Bay,Andres Torres,Josh Thole,Johan Santana
0,Dodgers,2012-07-21,Mets,Chris Capuano,Miguel Batista,Bobby Abreu,Adam Kennedy,Matt Kemp,Andre Ethier,James Loney,Juan Uribe,Luis Cruz,Matt Treanor,Chris Capuano,Ruben Tejada,Andres Torres,David Wright,Scott Hairston,Jason Bay,Ike Davis,Ronny Cedeno,Mike Nickeas,Miguel Batista
0,Dodgers,2012-07-25,Cardinals,Aaron Harang,Kyle Lohse,Bobby Abreu,Mark Ellis,Matt Kemp,Andre Ethier,Hanley Ramirez,James Loney,Luis Cruz,A.J. Ellis,Aaron Harang,Rafael Furcal,Jon Jay,Matt Holliday,Carlos Beltran,Allen Craig,Yadier Molina,David Freese,Skip Schumaker,Kyle Lohse
0,White Sox,2012-07-29,Rangers,Gavin Floyd,Scott Feldman,Gordon Beckham,Kevin Youkilis,Adam Dunn,Paul Konerko,Alex Rios,Alexei Ramirez,Dayan Viciedo,Tyler Flowers,Jordan Danks,Ian Kinsler,Elvis Andrus,Adrian Beltre,Nelson Cruz,Josh Hamilton,Michael Young,David Murphy,Mike Napoli,Craig Gentry
0,Padres,2012-08-1,Reds,Kip Wells,Bronson Arroyo,Alexi Amarista,Will Venable,Chase Headley,Yonder Alonso,Mark Kotsay,John Baker,Cameron Maybin,Everth Cabrera,Kip Wells,Zack Cozart,Drew Stubbs,Jay Bruce,Scott Rolen,Ryan Ludwick,Todd Frazier,Wilson Valdez,Ryan Hanigan,Bronson Arroyo
0,Padres,2012-08-2,Reds,Ross Ohlendorf,Johnny Cueto,Alexi Amarista,Will Venable,Chase Headley,Carlos Quentin,Yonder Alonso,Logan Forsythe,Cameron Maybin,Eddy Rodriguez,Ross Ohlendorf,Xavier Paul,Drew Stubbs,Jay Bruce,Scott Rolen,Todd Frazier,Zack Cozart,Miguel Cairo,Ryan Hanigan,Johnny Cueto
0,Tigers,2012-08-10,Rangers,Max Scherzer,Scott Feldman,Austin Jackson,Andy Dirks,Miguel Cabrera,Prince Fielder,Brennan Boesch,Delmon Young,Alex Avila,Jhonny Peralta,Omar Infante,Ian Kinsler,Elvis Andrus,Josh Hamilton,Adrian Beltre,Nelson Cruz,Michael Young,David Murphy,Mike Napoli,Mitch Moreland
0,Tigers,2012-08-12,Rangers,Rick Porcello,Yu Darvish,Austin Jackson,Andy Dirks,Miguel Cabrera,Prince Fielder,Brennan Boesch,Delmon Young,Alex Avila,Jhonny Peralta,Omar Infante,Ian Kinsler,Elvis Andrus,Josh Hamilton,Adrian Beltre,Nelson Cruz,Michael Young,David Murphy,Geovany Soto,Mitch Moreland
0,Rangers,2012-08-16,Yankees,Derek Holland,Ivan Nova,Elvis Andrus,Michael Young,Josh Hamilton,Adrian Beltre,David Murphy,Geovany Soto,Mitch Moreland,Craig Gentry,Mike Olt,Derek Jeter,Nick Swisher,Mark Teixeira,Andruw Jones,Casey McGehee,Russell Martin,Jayson Nix,Ichiro Suzuki,Chris Stewart
0,Mets,2012-08-17,Nationals,Johan Santana,Ross Detwiler,Ruben Tejada,Andres Torres,David Wright,Scott Hairston,Daniel Murphy,Ronny Cedeno,Jason Bay,Kelly Shoppach,Johan Santana,Jayson Werth,Bryce Harper,Ryan Zimmerman,Michael Morse,Adam LaRoche,Ian Desmond,Danny Espinosa,Kurt Suzuki,Ross Detwiler
0,Orioles,2012-08-18,Tigers,Zack Britton,Rick Porcello,Nick Markakis,J.J. Hardy,Nate McLouth,Adam Jones,Matt Wieters,Chris Davis,Mark Reynolds,Manny Machado,Robert Andino,Austin Jackson,Omar Infante,Miguel Cabrera,Prince Fielder,Jhonny Peralta,Delmon Young,Alex Avila,Jeff Baker,Andy Dirks
0,Mets,2012-08-19,Nationals,Jeremy Hefner,Gio Gonzalez,Andres Torres,Justin Turner,David Wright,Scott Hairston,Ike Davis,Ronny Cedeno,Jason Bay,Kelly Shoppach,Jeremy Hefner,Jayson Werth,Bryce Harper,Ryan Zimmerman,Adam LaRoche,Michael Morse,Ian Desmond,Danny Espinosa,Kurt Suzuki,Gio Gonzalez
0,Orioles,2012-08-22,Rangers,Tommy Hunter,Derek Holland,Nick Markakis,J.J. Hardy,Adam Jones,Matt Wieters,Mark Reynolds,Lew Ford,Nate McLouth,Manny Machado,Robert Andino,Ian Kinsler,Elvis Andrus,Josh Hamilton,Adrian Beltre,Nelson Cruz,Michael Young,David Murphy,Geovany Soto,Mitch Moreland
0,Twins,2012-08-23,Rangers,Scott Diamond,Roy Oswalt,Denard Span,Ben Revere,Joe Mauer,Ryan Doumit,Justin Morneau,Matt Carson,Trevor Plouffe,Jamey Carroll,Pedro Florimon,Ian Kinsler,Elvis Andrus,Josh Hamilton,Adrian Beltre,Nelson Cruz,Michael Young,David Murphy,Geovany Soto,Mike Olt
0,Cardinals,2012-08-30,Nationals,Jaime Garcia,Edwin Jackson,Jon Jay,Carlos Beltran,Matt Holliday,Allen Craig,Yadier Molina,David Freese,Skip Schumaker,Rafael Furcal,Jaime Garcia,Jayson Werth,Bryce Harper,Ryan Zimmerman,Michael Morse,Adam LaRoche,Ian Desmond,Danny Espinosa,Jesus Flores,Edwin Jackson
0,Rangers,2012-09-3,Royals,Yu Darvish,Bruce Chen,Ian Kinsler,Elvis Andrus,Josh Hamilton,Adrian Beltre,Nelson Cruz,Michael Young,David Murphy,Geovany Soto,Mike Olt,David Lough,Tony Abreu,Alex Gordon,Billy Butler,Mike Moustakas,Lorenzo Cain,Eric Hosmer,Brayan Pena,Johnny GiavotellaJ. Giavotella
0,Yankees,2012-09-8,Orioles,CC Sabathia,Joe Saunders,Derek Jeter,Nick Swisher,Mark Teixeira,Alex Rodriguez,Robinson Cano,Russell Martin,Andruw Jones,Ichiro Suzuki,Jayson Nix,Nick Markakis,Robert Andino,J.J. Hardy,Adam Jones,Mark Reynolds,Lew Ford,Manny Machado,Steve Tolleson,Taylor TeagardenT. Teagarden
0,Yankees,2012-09-9,Orioles,Freddy Garcia,Zack Britton,Derek Jeter,Nick Swisher,Alex Rodriguez,Robinson Cano,Russell Martin,Steve Pearce,Andruw Jones,Jayson Nix,Ichiro Suzuki,Nate McLouth,J.J. Hardy,Wilson Betemit,Adam Jones,Matt Wieters,Mark Reynolds,Chris Davis,Manny Machado,Robert Andino
0,Nationals,2012-09-10,Mets,Gio Gonzalez,Collin McHugh,Jayson Werth,Bryce Harper,Ryan Zimmerman,Adam LaRoche,Michael Morse,Ian Desmond,Danny Espinosa,Kurt Suzuki,Gio Gonzalez,Ruben Tejada,Ronny Cedeno,David Wright,Scott Hairston,Ike Davis,Kelly Shoppach,Jason Bay,Andres Torres,Collin McHugh
0,White Sox,2012-09-16,Twins,Jake Peavy,Scott Diamond,Dewayne Wise,Kevin Youkilis,Adam Dunn,Paul Konerko,Alex Rios,Dayan Viciedo,Alexei Ramirez,Tyler Flowers,Gordon Beckham,Denard Span,Ben Revere,Joe Mauer,Justin Morneau,Ryan Doumit,Chris Parmelee,Trevor Plouffe,Alexi Casilla,Pedro Florimon
0,Astros,2012-09-19,Cardinals,Lucas Harrell,Lance Lynn,Jose Altuve,Scott Moore,Brett Wallace,Justin Maxwell,Jed Lowrie,Brandon Laird,Chris Snyder,Jimmy Paredes,Lucas Harrell,Jon Jay,Carlos Beltran,Matt Holliday,Allen Craig,Yadier Molina,David Freese,Skip Schumaker,Pete Kozma,Lance Lynn
0,Orioles,2012-09-22,Red Sox,Randy Wolf,Aaron Cook,Nate McLouth,J.J. Hardy,Adam Jones,Matt Wieters,Jim Thome,Mark Reynolds,Chris Davis,Manny Machado,Ryan Flaherty,Pedro Ciriaco,Dustin Pedroia,Cody Ross,Ryan Lavarnway,Mauro Gomez,Mike Aviles,Danny Valencia,Daniel Nava,Scott PodsednikS. Podsednik
0,Tigers,2012-09-30,Twins,Anibal Sanchez,Liam Hendriks,Austin Jackson,Quintin Berry,Miguel Cabrera,Prince Fielder,Delmon Young,Andy Dirks,Jhonny Peralta,Alex Avila,Omar Infante,Denard Span,Ben Revere,Joe Mauer,Justin Morneau,Ryan Doumit,Chris Parmelee,Trevor Plouffe,Alexi Casilla,Pedro Florimon
0,Padres,2013-04-4,Mets,Eric Stults,Dillon Gee,Everth Cabrera,Will Venable,Mark Kotsay,Yonder Alonso,Jedd Gyorko,Alexi Amarista,Cameron Maybin,John Baker,Eric Stults,Collin Cowgill,Justin Turner,David Wright,Ike Davis,Marlon Byrd,Lucas Duda,John Buck,Ruben Tejada,Dillon Gee
0,Astros,2013-04-15,Athletics,Erik Bedard,Tommy Milone,Jose Altuve,Justin Maxwell,Jason Castro,Chris Carter,J.D. Martinez,Carlos Pena,Matt Dominguez,Ronny Cedeno,Brandon Barnes,Coco Crisp,Derek Norris,Chris Young,Jed Lowrie,Josh Donaldson,Brandon Moss,Nate Freiman,Michael Taylor,Andy Parrino
0,Angels,2013-04-16,Twins,Jason Vargas,Mike Pelfrey,Peter Bourjos,Mike Trout,Albert Pujols,Josh Hamilton,Mark Trumbo,Howie Kendrick,Chris Iannetta,Luis Jimenez,Andrew Romine,Brian Dozier,Joe Mauer,Justin Morneau,Trevor Plouffe,Ryan Doumit,Chris Parmelee,Wilkin Ramirez,Aaron Hicks,Pedro Florimon
0,Nationals,2013-04-20,Mets,Gio Gonzalez,Jeremy Hefner,Denard Span,Jayson Werth,Bryce Harper,Adam LaRoche,Ian Desmond,Chad Tracy,Danny Espinosa,Kurt Suzuki,Gio Gonzalez,Justin Turner,Daniel Murphy,David Wright,John Buck,Ike Davis,Marlon Byrd,Lucas Duda,Collin Cowgill,Jeremy Hefner
0,Cardinals,2013-04-22,Nationals,Shelby Miller,Dan Haren,Matt Carpenter,Allen Craig,Matt Holliday,Carlos Beltran,Yadier Molina,David Freese,Jon Jay,Pete Kozma,Shelby Miller,Denard Span,Jayson Werth,Bryce Harper,Adam LaRoche,Ian Desmond,Anthony Rendon,Danny Espinosa,Kurt Suzuki,Dan Haren
0,Orioles,2013-04-25,Athletics,Jason Hammel,Jarrod Parker,Nate McLouth,Manny Machado,Nick Markakis,Adam Jones,Chris Davis,Matt Wieters,J.J. Hardy,Ryan Flaherty,Nolan Reimold,Coco Crisp,John Jaso,Seth Smith,Jed Lowrie,Brandon Moss,Chris Young,Josh Reddick,Josh Donaldson,Eric Sogard
0,Orioles,2013-04-26,Athletics,Wei-Yin Chen,Tommy Milone,Nick Markakis,Manny Machado,Adam Jones,Chris Davis,Matt Wieters,J.J. Hardy,Nolan Reimold,Steve Pearce,Alexi Casilla,Coco Crisp,Chris Young,Josh Reddick,Jed Lowrie,Josh Donaldson,Derek Norris,Nate Freiman,Casper Wells,Adam Rosales
0,Pirates,2013-04-28,Cardinals,Jeff Locke,Shelby Miller,Starling Marte,Jose Tabata,Garrett Jones,Gaby Sanchez,Pedro Alvarez,Russell Martin,Brandon Inge,John McDonald,Jeff Locke,Matt Carpenter,Carlos Beltran,Matt Holliday,Allen Craig,Yadier Molina,David Freese,Shane Robinson,Pete Kozma,Shelby Miller
0,Orioles,2013-05-2,Angels,Chris Tillman,Joe Blanton,Nate McLouth,Manny Machado,Nick Markakis,Adam Jones,Chris Davis,Matt Wieters,J.J. Hardy,Ryan Flaherty,Nolan Reimold,Erick Aybar,Mike Trout,Albert Pujols,Mark Trumbo,Josh Hamilton,Howie Kendrick,Hank Conger,Brendan Harris,JB Shuck
0,Orioles,2013-05-11,Twins,Steve Johnson,Vance Worley,Nate McLouth,Manny Machado,Nick Markakis,Adam Jones,Chris Davis,Matt Wieters,J.J. Hardy,Ryan Flaherty,Nolan Reimold,Brian Dozier,Joe Mauer,Ryan Doumit,Justin Morneau,Trevor Plouffe,Chris Parmelee,Oswaldo Arcia,Wilkin Ramirez,Eduardo EscobarE. Escobar
0,Padres,2013-05-14,Orioles,Andrew Cashner,Chris Tillman,Everth Cabrera,Will Venable,Chase Headley,Carlos Quentin,Yonder Alonso,Mark Kotsay,Jedd Gyorko,Chris Denorfia,Nick Hundley,Nate McLouth,Manny Machado,Nick Markakis,Adam Jones,Chris Davis,Matt Wieters,J.J. Hardy,Ryan Flaherty,Steve Pearce
1,Mets,2013-05-14,Cardinals,Dillon Gee,John Gast,Justin Turner,Daniel Murphy,David Wright,John Buck,Lucas Duda,Marlon Byrd,Ike Davis,Juan Lagares,Dillon Gee,Matt Carpenter,Carlos Beltran,Matt Holliday,Allen Craig,Yadier Molina,Jon Jay,David Freese,Pete Kozma,John Gast
0,Padres,2013-05-15,Orioles,Jason Marquis,Freddy Garcia,Everth Cabrera,Will Venable,Chase Headley,Carlos Quentin,Yonder Alonso,Jedd Gyorko,Kyle Blanks,Alexi Amarista,John Baker,Nate McLouth,Manny Machado,Nick Markakis,Adam Jones,Chris Davis,Matt Wieters,J.J. Hardy,Ryan Flaherty,Steve Pearce
0,Cardinals,2013-05-20,Padres,Shelby Miller,Jason Marquis,Matt Carpenter,Carlos Beltran,Matt Holliday,Allen Craig,Yadier Molina,Jon Jay,Ty Wigginton,Pete Kozma,Shelby Miller,Everth Cabrera,Will Venable,Chase Headley,Carlos Quentin,Yonder Alonso,Jedd Gyorko,Chris Denorfia,John Baker,Jason Marquis
0,Yankees,2013-05-27,Mets,Phil Hughes,Jonathon Niese,Brett Gardner,Jayson Nix,Robinson Cano,Vernon Wells,David Adams,Ichiro Suzuki,Lyle Overbay,Chris Stewart,Phil Hughes,Ruben Tejada,Daniel Murphy,David Wright,Lucas Duda,John Buck,Rick Ankiel,Ike Davis,Mike Baxter,Jonathon Niese
0,Yankees,2013-05-28,Mets,Hiroki Kuroda,Matt Harvey,Brett Gardner,Robinson Cano,Vernon Wells,Lyle Overbay,David Adams,Ichiro Suzuki,Reid Brignac,Chris Stewart,Hiroki Kuroda,Ruben Tejada,Daniel Murphy,David Wright,Lucas Duda,Marlon Byrd,Rick Ankiel,John Buck,Ike Davis,Matt Harvey
0,Mets,2013-05-29,Yankees,Jeremy Hefner,David Phelps,Ruben Tejada,Daniel Murphy,David Wright,Lucas Duda,John Buck,Rick Ankiel,Marlon Byrd,Ike Davis,Mike Baxter,Brett Gardner,Robinson Cano,Travis Hafner,Lyle Overbay,Brennan Boesch,Ichiro Suzuki,Jayson Nix,Reid Brignac,Chris Stewart
0,Astros,2013-05-31,Angels,Dallas Keuchel,Tommy Hanson,Brandon Barnes,Jose Altuve,Jason Castro,J.D. Martinez,Carlos Pena,Chris Carter,Jimmy Paredes,Matt Dominguez,Ronny Cedeno,Erick Aybar,Mike Trout,Howie Kendrick,Mark Trumbo,Josh Hamilton,Chris Iannetta,Brendan Harris,Chris Nelson,JB Shuck
0,Orioles,2013-06-4,Astros,Chris Tillman,Lucas Harrell,Nate McLouth,Manny Machado,Nick Markakis,Adam Jones,Chris Davis,Matt Wieters,J.J. Hardy,Ryan Flaherty,Danny Valencia,Brandon Barnes,Jose Altuve,Jason Castro,J.D. Martinez,Carlos Pena,Chris Carter,Jimmy Paredes,Matt Dominguez,Marwin GonzalezM. Gonzalez
0,Yankees,2013-06-12,Athletics,Phil Hughes,Dan Straily,Brett Gardner,Robinson Cano,Mark Teixeira,Travis Hafner,Vernon Wells,Kevin Youkilis,Ichiro Suzuki,Jayson Nix,Austin Romine,John Jaso,Seth Smith,Jed Lowrie,Josh Donaldson,Josh Reddick,Brandon Moss,Chris Young,Eric Sogard,Nate Freiman
0,Yankees,2013-06-13,Athletics,Hiroki Kuroda,Jarrod Parker,Brett Gardner,Jayson Nix,Robinson Cano,Mark Teixeira,Travis Hafner,Kevin Youkilis,Vernon Wells,Ichiro Suzuki,Chris Stewart,John Jaso,Seth Smith,Jed Lowrie,Josh Donaldson,Brandon Moss,Josh Reddick,Chris Young,Eric Sogard,Derek Norris
0,Cardinals,2013-06-25,Astros,Jake Westbrook,Lucas Harrell,Matt Carpenter,Yadier Molina,Carlos Beltran,Allen Craig,Matt Holliday,Matt Adams,David Freese,Jon Jay,Pete Kozma,Jose Altuve,Brett Wallace,Jason Castro,Chris Carter,Carlos Pena,Justin Maxwell,Ronny Cedeno,Matt Dominguez,Brandon Barnes
0,Cardinals,2013-06-26,Astros,Lance Lynn,Erik Bedard,Matt Carpenter,Yadier Molina,Carlos Beltran,Allen Craig,Matt Holliday,David Freese,Shane Robinson,Pete Kozma,Tony Cruz,Jake Elmore,Jose Altuve,Jason Castro,Chris Carter,Carlos Pena,J.D. Martinez,Brett Wallace,Matt Dominguez,Brandon Barnes
0,Yankees,2013-06-30,Orioles,Hiroki Kuroda,Chris Tillman,Brett Gardner,Ichiro Suzuki,Robinson Cano,Travis Hafner,Zoilo Almonte,Lyle Overbay,Jayson Nix,Chris Stewart,David Adams,Nate McLouth,Manny Machado,Nick Markakis,Adam Jones,Chris Davis,Matt Wieters,J.J. Hardy,Ryan Flaherty,Brian Roberts
0,Yankees,2013-06-31,Twins,Andy Pettitte,Scott Diamond,Brett Gardner,Jayson Nix,Robinson Cano,Vernon Wells,Travis Hafner,Zoilo Almonte,Lyle Overbay,Chris Stewart,David Adams,Clete Thomas,Brian Dozier,Ryan Doumit,Justin Morneau,Trevor Plouffe,Oswaldo Arcia,Chris Parmelee,Jamey Carroll,Eduardo EscobarE. Escobar
0,Yankees,2013-07-1,Twins,Andy Pettitte,Scott Diamond,Brett Gardner,Jayson Nix,Robinson Cano,Vernon Wells,Travis Hafner,Zoilo Almonte,Lyle Overbay,Chris Stewart,David Adams,Clete Thomas,Brian Dozier,Ryan Doumit,Justin Morneau,Trevor Plouffe,Oswaldo Arcia,Chris Parmelee,Jamey Carroll,Eduardo EscobarE. Escobar
0,Yankees,2013-07-3,Twins,CC Sabathia,P.J. Walters,Brett Gardner,Ichiro Suzuki,Robinson Cano,Travis Hafner,Zoilo Almonte,Lyle Overbay,Chris Stewart,Luis Cruz,David Adams,Brian Dozier,Joe Mauer,Ryan Doumit,Justin Morneau,Trevor Plouffe,Oswaldo Arcia,Aaron Hicks,Clete Thomas,Pedro Florimon
0,Nationals,2013-07-8,Phillies,Dan Haren,John Lannan,Denard Span,Ian Desmond,Bryce Harper,Ryan Zimmerman,Jayson Werth,Adam LaRoche,Anthony Rendon,Wilson Ramos,Dan Haren,Ben Revere,Jimmy Rollins,Chase Utley,Domonic Brown,Michael Young,Delmon Young,Darin Ruf,Carlos Ruiz,John Lannan
0,Nationals,2013-07-9,Phillies,Taylor Jordan,Cole Hamels,Scott Hairston,Ian Desmond,Bryce Harper,Ryan Zimmerman,Jayson Werth,Adam LaRoche,Anthony Rendon,Kurt Suzuki,Taylor Jordan,Ben Revere,Jimmy Rollins,Chase Utley,Domonic Brown,Michael Young,Delmon Young,Darin Ruf,Carlos Ruiz,Cole Hamels
0,Nationals,2013-07-10,Phillies,Gio Gonzalez,Cliff Lee,Denard Span,Ian Desmond,Bryce Harper,Ryan Zimmerman,Jayson Werth,Adam LaRoche,Anthony Rendon,Wilson Ramos,Gio Gonzalez,Ben Revere,Jimmy Rollins,Chase Utley,Domonic Brown,Michael Young,Delmon Young,Darin Ruf,Carlos Ruiz,Cliff Lee
0,Twins,2013-07-11,Rays,Mike Pelfrey,Matt Moore,Brian Dozier,Jamey Carroll,Joe Mauer,Trevor Plouffe,Chris Parmelee,Oswaldo Arcia,Aaron Hicks,Clete Thomas,Pedro Florimon,Matt Joyce,Wil Myers,Luke Scott,Evan Longoria,James Loney,Kelly Johnson,Jose Lobaton,Sam Fuld,Sean Rodriguez
0,Twins,2013-07-12,Yankees,Scott Diamond,Hiroki Kuroda,Brian Dozier,Chris Parmelee,Joe Mauer,Justin Morneau,Ryan Doumit,Trevor Plouffe,Oswaldo Arcia,Aaron Hicks,Pedro Florimon,Brett Gardner,Ichiro Suzuki,Robinson Cano,Vernon Wells,Zoilo Almonte,Lyle Overbay,Eduardo Nunez,Luis Cruz,Chris Stewart
0,Twins,2013-07-14,Yankees,Kyle Gibson,CC Sabathia,Brian Dozier,Joe Mauer,Justin Morneau,Ryan Doumit,Trevor Plouffe,Aaron Hicks,Clete Thomas,Jamey Carroll,Pedro Florimon,Ichiro Suzuki,Zoilo Almonte,Robinson Cano,Travis Hafner,Vernon Wells,Lyle Overbay,Eduardo Nunez,Luis Cruz,Chris Stewart
0,Padres,2013-07-19,Cardinals,Jason Marquis,Jake Westbrook,Everth Cabrera,Chase Headley,Carlos Quentin,Yonder Alonso,Jedd Gyorko,Will Venable,Alexi Amarista,Nick Hundley,Jason Marquis,Matt Carpenter,Jon Jay,Carlos Beltran,Allen Craig,Yadier Molina,Matt Adams,David Freese,Pete Kozma,Jake Westbrook
0,Orioles,2013-07-22,Royals,Scott Feldman,Wade Davis,Nate McLouth,Manny Machado,Nick Markakis,Adam Jones,Chris Davis,Matt Wieters,J.J. Hardy,Henry Urrutia,Brian Roberts,Alex Gordon,Eric Hosmer,Billy Butler,Salvador Perez,Lorenzo Cain,Mike Moustakas,David Lough,Miguel Tejada,Alcides EscobarA. Escobar
0,Angels,2013-09-11,Blue Jays,C.J. Wilson,R.A. Dickey,JB Shuck,Erick Aybar,Mike Trout,Josh Hamilton,Mark Trumbo,Kole Calhoun,Hank Conger,Grant Green,Andrew Romine,Jose Reyes,Rajai Davis,Brett Lawrie,Adam Lind,Moises Sierra,Mark DeRosa,Ryan Goins,Anthony Gose,Josh Thole
0,Nationals,2013-09-12,Mets,Tanner Roark,Aaron Harang,Denard Span,Ryan Zimmerman,Jayson Werth,Bryce Harper,Ian Desmond,Adam LaRoche,Wilson Ramos,Anthony Rendon,Tanner Roark,Eric Young Jr.,Juan Lagares,Daniel Murphy,Lucas Duda,Josh Satin,Mike Baxter,Anthony Recker,Ruben Tejada,Aaron Harang
0,Orioles,2013-09-20,Rays,Jason Hammel,David Price,Manny Machado,Adam Jones,Chris Davis,Danny Valencia,Matt Wieters,J.J. Hardy,Nick Markakis,Michael Morse,Brian Roberts,David DeJesus,Ben Zobrist,Evan Longoria,Wil Myers,Matt Joyce,James Loney,Sam Fuld,Jose Molina,Yunel Escobar
0,Orioles,2013-09-23,Rays,Wei-Yin Chen,Chris Archer,Brian Roberts,Manny Machado,Chris Davis,Adam Jones,Nick Markakis,Matt Wieters,Nate McLouth,J.J. Hardy,Ryan Flaherty,Sean Rodriguez,Ben Zobrist,Evan Longoria,Wil Myers,Delmon Young,Yunel Escobar,Tim Beckham,Jose Molina,Sam Fuld
0,Nationals,2013-09-24,Cardinals,Gio Gonzalez,Michael Wacha,Denard Span,Ryan Zimmerman,Jayson Werth,Bryce Harper,Ian Desmond,Adam LaRoche,Wilson Ramos,Anthony Rendon,Gio Gonzalez,Matt Carpenter,Shane Robinson,Carlos Beltran,Matt Adams,Yadier Molina,David Freese,Jon Jay,Pete Kozma,Michael Wacha
0,Padres,2013-09-28,Giants,Eric Stults,Yusmeiro Petit,Chris Denorfia,Logan Forsythe,Jedd Gyorko,Chase Headley,Tommy Medica,Jesus Guzman,Alexi Amarista,Chris Robinson,Eric Stults,Angel Pagan,Juan Perez,Hunter Pence,Pablo Sandoval,Hector Sanchez,Tony Abreu,Brett Pill,Ehire Adrianza,Yusmeiro Petit
0,Cardinals,2014-04-18,Nationals,Michael Wacha,Gio Gonzalez,Matt Carpenter,Jhonny Peralta,Matt Holliday,Allen Craig,Yadier Molina,Mark Ellis,Shane Robinson,Peter Bourjos,Michael Wacha,Anthony Rendon,Bryce Harper,Jayson Werth,Adam LaRoche,Ian Desmond,Danny Espinosa,Nate McLouth,Jose Lobaton,Gio Gonzalez
0,Angels,2014-04-22,Nationals,Tyler Skaggs,Taylor Jordan,JB Shuck,Mike Trout,Albert Pujols,Raul Ibanez,Howie Kendrick,Erick Aybar,David Freese,Chris Iannetta,Tyler Skaggs,Denard Span,Danny Espinosa,Jayson Werth,Anthony Rendon,Ian Desmond,Bryce Harper,Tyler Moore,Sandy Leon,Taylor Jordan
0,Angels,2014-04-23,Nationals,Jered Weaver,Gio Gonzalez,Collin Cowgill,Mike Trout,Albert Pujols,Howie Kendrick,Erick Aybar,Chris Iannetta,David Freese,JB Shuck,Jered Weaver,Denard Span,Anthony Rendon,Jayson Werth,Adam LaRoche,Bryce Harper,Ian Desmond,Danny Espinosa,Jose Lobaton,Gio Gonzalez
0,Padres,2014-04-26,Nationals,Andrew Cashner,Tanner Roark,Everth Cabrera,Chris Denorfia,Will Venable,Jedd Gyorko,Yonder Alonso,Alexi Amarista,Jace Peterson,Rene Rivera,Andrew Cashner,Denard Span,Anthony Rendon,Jayson Werth,Adam LaRoche,Ian Desmond,Danny Espinosa,Kevin Frandsen,Sandy Leon,Tanner Roark
0,Nationals,2014-05-3,Phillies,Tanner Roark,A.J. Burnett,Denard Span,Anthony Rendon,Jayson Werth,Adam LaRoche,Ian Desmond,Danny Espinosa,Nate McLouth,Jose Lobaton,Tanner Roark,Tony Gwynn Jr.,Jimmy Rollins,Chase Utley,Ryan Howard,Marlon Byrd,Domonic Brown,Carlos Ruiz,Cody Asche,A.J. Burnett
0,Phillies,2014-05-11,Mets,Cole Hamels,Jonathon Niese,Tony Gwynn Jr.,Jimmy Rollins,Chase Utley,Ryan Howard,Marlon Byrd,Domonic Brown,Wil Nieves,Cody Asche,Cole Hamels,Eric Young Jr.,Daniel Murphy,David Wright,Chris Young,Eric Campbell,Juan Lagares,Anthony Recker,Ruben Tejada,Jonathon Niese
0,Angels,2014-05-13,Phillies,Matt Shoemaker,Cliff Lee,Collin Cowgill,Mike Trout,Albert Pujols,Howie Kendrick,Chris Iannetta,Grant Green,Luis Jimenez,John McDonald,Matt Shoemaker,Ben Revere,Jimmy Rollins,Chase Utley,Ryan Howard,Marlon Byrd,Domonic Brown,Carlos Ruiz,Cody Asche,Cliff Lee
0,Mets,2014-05-17,Nationals,Bartolo Colon,Gio Gonzalez,Eric Young Jr.,Daniel Murphy,David Wright,Chris Young,Eric Campbell,Juan Lagares,Anthony Recker,Wilmer Flores,Bartolo Colon,Denard Span,Anthony Rendon,Jayson Werth,Wilson Ramos,Ian Desmond,Danny Espinosa,Tyler Moore,Nate McLouth,Gio Gonzalez
0,Twins,2014-05-21,Padres,Phil Hughes,Tyson Ross,Brian Dozier,Joe Mauer,Trevor Plouffe,Chris Parmelee,Kurt Suzuki,Jason Kubel,Danny Santana,Aaron Hicks,Phil Hughes,Everth Cabrera,Seth Smith,Chase Headley,Yonder Alonso,Jedd Gyorko,Will Venable,Cameron Maybin,Rene Rivera,Tyson Ross
0,Giants,2014-05-31,Cardinals,Yusmeiro Petit,Michael Wacha,Gregor Blanco,Hunter Pence,Pablo Sandoval,Michael Morse,Hector Sanchez,Tyler Colvin,Brandon Hicks,Ehire Adrianza,Yusmeiro Petit,Matt Carpenter,Kolten Wong,Matt Holliday,Allen Craig,Yadier Molina,Oscar Taveras,Jhonny Peralta,Jon Jay,Michael Wacha
0,Padres,2014-06-1,White Sox,Eric Stults,Chris Sale,Everth Cabrera,Chris Denorfia,Carlos Quentin,Chase Headley,Tommy Medica,Jedd Gyorko,Yonder Alonso,Rene Rivera,Will Venable,Adam Eaton,Gordon Beckham,Dayan Viciedo,Adam Dunn,Alexei Ramirez,Paul Konerko,Marcus Semien,Tyler Flowers,Moises Sierra
0,Nationals,2014-06-6,Padres,Tanner Roark,Tyson Ross,Denard Span,Anthony Rendon,Ryan Zimmerman,Adam LaRoche,Wilson Ramos,Ian Desmond,Danny Espinosa,Nate McLouth,Tanner Roark,Everth Cabrera,Seth Smith,Carlos Quentin,Chase Headley,Yonder Alonso,Will Venable,Rene Rivera,Jace Peterson,Tyson Ross
0,Nationals,2014-06-7,Padres,Blake Treinen,Andrew Cashner,Denard Span,Kevin Frandsen,Jayson Werth,Adam LaRoche,Ryan Zimmerman,Wilson Ramos,Ian Desmond,Danny Espinosa,Blake Treinen,Everth Cabrera,Will Venable,Seth Smith,Chase Headley,Yonder Alonso,Cameron Maybin,Jace Peterson,Rene Rivera,Andrew Cashner
0,White Sox,2014-06-8,Angels,Jose Quintana,C.J. Wilson,Adam Eaton,Gordon Beckham,Jose Abreu,Dayan Viciedo,Alexei Ramirez,Paul Konerko,Tyler Flowers,Moises Sierra,Leury Garcia,Howie Kendrick,Mike Trout,Albert Pujols,David Freese,Josh Hamilton,C.J. Cron,Erick Aybar,Chris Iannetta,Collin Cowgill
0,Padres,2014-06-11,Phillies,Tyson Ross,Cole Hamels,Chris Denorfia,Everth Cabrera,Carlos Quentin,Chase Headley,Tommy Medica,Rene Rivera,Cameron Maybin,Jace Peterson,Tyson Ross,Ben Revere,Jimmy Rollins,Chase Utley,Ryan Howard,Marlon Byrd,Domonic Brown,Carlos Ruiz,Reid Brignac,Cole Hamels
0,Nationals,2014-06-15,Cardinals,Doug Fister,Jaime Garcia,Anthony Rendon,Nate McLouth,Jayson Werth,Ryan Zimmerman,Scott Hairston,Ian Desmond,Danny Espinosa,Sandy Leon,Doug Fister,Matt Carpenter,Kolten Wong,Matt Holliday,Allen Craig,Matt Adams,Jhonny Peralta,Jon Jay,Tony Cruz,Jaime Garcia
0,Padres,2014-06-17,Mariners,Eric Stults,Roenis Elias,Chris Denorfia,Everth Cabrera,Carlos Quentin,Chase Headley,Tommy Medica,Rene Rivera,Cameron Maybin,Will Venable,Alexi Amarista,James Jones,Stefen Romero,Robinson Cano,John Buck,Kyle Seager,Mike Zunino,Cole Gillespie,Jesus Montero,Brad Miller
0,Rangers,2014-06-22,Angels,Yu Darvish,Matt Shoemaker,Leonys Martin,Elvis Andrus,Shin-Soo Choo,Adrian Beltre,Alex Rios,Donnie Murphy,Chris Gimenez,Michael Choice,Rougned Odor,Kole Calhoun,Mike Trout,Albert Pujols,Josh Hamilton,Erick Aybar,C.J. Cron,Hank Conger,David Freese,Grant Green
0,Nationals,2014-07-9,Orioles,Doug Fister,Bud Norris,Denard Span,Anthony Rendon,Jayson Werth,Adam LaRoche,Ryan Zimmerman,Bryce Harper,Ian Desmond,Wilson Ramos,Danny Espinosa,Nick Markakis,Steve Pearce,Adam Jones,Nelson Cruz,Chris Davis,J.J. Hardy,Manny Machado,Caleb Joseph,Jonathan SchoopJ. Schoop
0,White Sox,2014-07-10,Red Sox,Jose Quintana,Jon Lester,Adam Eaton,Gordon Beckham,Jose Abreu,Dayan Viciedo,Alexei Ramirez,Paul Konerko,Moises Sierra,Tyler Flowers,Leury Garcia,Brock Holt,Dustin Pedroia,David Ortiz,Mike Napoli,Jonny Gomes,Mookie Betts,Stephen Drew,David Ross,Jackie Bradley Jr.J. Bradley
1,Nationals,2014-07-10,Orioles,Gio Gonzalez,Wei-Yin Chen,Denard Span,Anthony Rendon,Jayson Werth,Adam LaRoche,Ryan Zimmerman,Bryce Harper,Ian Desmond,Wilson Ramos,Kevin Frandsen,Nick Markakis,Steve Pearce,Adam Jones,Nelson Cruz,Chris Davis,J.J. Hardy,Manny Machado,Caleb Joseph,Jonathan SchoopJ. Schoop
0,Nationals,2014-07-13,Phillies,Tanner Roark,Kyle Kendrick,Denard Span,Anthony Rendon,Jayson Werth,Adam LaRoche,Ryan Zimmerman,Bryce Harper,Ian Desmond,Jose Lobaton,Tanner Roark,Grady Sizemore,Jimmy Rollins,Chase Utley,Ryan Howard,Marlon Byrd,Cody Asche,Cameron Rupp,Ben Revere,Kyle Kendrick
0,Rangers,2014-07-18,Blue Jays,Yu Darvish,R.A. Dickey,Shin-Soo Choo,Elvis Andrus,Alex Rios,Adrian Beltre,Jake Smolinski,Leonys Martin,J.P. Arencibia,Rougned Odor,Geovany Soto,Jose Reyes,Melky Cabrera,Jose Bautista,Dioner Navarro,Dan Johnson,Colby Rasmus,Juan Francisco,Josh Thole,Munenori KawasakiM. Kawasaki
0,Mets,2014-07-23,Mariners,Bartolo Colon,Taijuan Walker,Eric Young Jr.,Daniel Murphy,David Wright,Lucas Duda,Bobby Abreu,Chris Young,Juan Lagares,Anthony Recker,Ruben Tejada,Endy Chavez,James Jones,Robinson Cano,Kyle Seager,Corey Hart,Logan Morrison,Dustin Ackley,Brad Miller,Jesus Sucre
0,Giants,2014-07-24,Phillies,Tim Hudson,Cole Hamels,Hunter Pence,Ehire Adrianza,Buster Posey,Pablo Sandoval,Michael Morse,Adam Duvall,Joaquin Arias,Gregor Blanco,Tim Hudson,Ben Revere,Jimmy Rollins,Chase Utley,Marlon Byrd,Grady Sizemore,Darin Ruf,Cody Asche,Wil Nieves,Cole Hamels
0,Nationals,2014-07-25,Reds,Tanner Roark,Alfredo Simon,Denard Span,Anthony Rendon,Jayson Werth,Adam LaRoche,Ian Desmond,Bryce Harper,Wilson Ramos,Zach Walters,Tanner Roark,Billy Hamilton,Skip Schumaker,Todd Frazier,Ryan Ludwick,Jay Bruce,Devin Mesoraco,Brayan Pena,Zack Cozart,Alfredo Simon
0,Nationals,2014-07-26,Reds,Gio Gonzalez,Johnny Cueto,Denard Span,Anthony Rendon,Jayson Werth,Adam LaRoche,Ian Desmond,Bryce Harper,Wilson Ramos,Kevin Frandsen,Gio Gonzalez,Billy Hamilton,Ramon Santiago,Todd Frazier,Jay Bruce,Chris Heisey,Skip Schumaker,Brayan Pena,Zack Cozart,Johnny Cueto
0,Nationals,2014-07-27,Reds,Doug Fister,Mat Latos,Denard Span,Anthony Rendon,Jayson Werth,Adam LaRoche,Ian Desmond,Bryce Harper,Danny Espinosa,Jose Lobaton,Doug Fister,Billy Hamilton,Skip Schumaker,Todd Frazier,Jay Bruce,Devin Mesoraco,Jack Hannahan,Donald Lutz,Ramon Santiago,Mat Latos
0,Angels,2014-07-29,Orioles,Jered Weaver,Chris Tillman,Kole Calhoun,Mike Trout,Albert Pujols,Josh Hamilton,Erick Aybar,Howie Kendrick,Efren Navarro,David Freese,Hank Conger,Nick Markakis,Manny Machado,Adam Jones,Nelson Cruz,Delmon Young,J.J. Hardy,Steve Pearce,Ryan Flaherty,Nick Hundley
0,Angels,2014-07-31,Orioles,Tyler Skaggs,Bud Norris,Kole Calhoun,Mike Trout,Albert Pujols,Josh Hamilton,Erick Aybar,Howie Kendrick,Efren Navarro,David Freese,Chris Iannetta,Nick Markakis,Manny Machado,Adam Jones,Nelson Cruz,Delmon Young,J.J. Hardy,Steve Pearce,Caleb Joseph,Jonathan SchoopJ. Schoop
1,Phillies,2014-07-31,Nationals,Cliff Lee,Gio Gonzalez,Ben Revere,Jimmy Rollins,Chase Utley,Marlon Byrd,Carlos Ruiz,Grady Sizemore,Darin Ruf,Andres Blanco,Cliff Lee,Denard Span,Anthony Rendon,Jayson Werth,Wilson Ramos,Ian Desmond,Bryce Harper,Kevin Frandsen,Danny Espinosa,Gio Gonzalez
0,Twins,2014-08-8,Athletics,Kyle Gibson,Scott Kazmir,Danny Santana,Brian Dozier,Trevor Plouffe,Kennys Vargas,Oswaldo Arcia,Kurt Suzuki,Chris Parmelee,Eduardo Nunez,Jordan Schafer,Coco Crisp,John Jaso,Josh Donaldson,Brandon Moss,Jed Lowrie,Josh Reddick,Stephen Vogt,Sam Fuld,Eric Sogard
0,Phillies,2014-08-13,Angels,A.J. Burnett,Jered Weaver,Ben Revere,Jimmy Rollins,Chase Utley,Ryan Howard,Marlon Byrd,Grady Sizemore,Domonic Brown,Carlos Ruiz,Cody Asche,Kole Calhoun,Mike Trout,Albert Pujols,Josh Hamilton,Erick Aybar,Howie Kendrick,Brennan Boesch,David Freese,Hank Conger
0,Rays,2014-08-25,Orioles,Jake Odorizzi,Chris Tillman,Ben Zobrist,Matt Joyce,Evan Longoria,James Loney,Wil Myers,Logan Forsythe,Yunel Escobar,Jose Molina,Sean Rodriguez,Nick Markakis,Steve Pearce,Adam Jones,Nelson Cruz,Delmon Young,J.J. Hardy,Chris Davis,Nick Hundley,Jonathan SchoopJ. Schoop
1,Nationals,2014-08-25,Phillies,Tanner Roark,A.J. Burnett,Denard Span,Anthony Rendon,Jayson Werth,Adam LaRoche,Ian Desmond,Bryce Harper,Wilson Ramos,Danny Espinosa,Tanner Roark,Ben Revere,Jimmy Rollins,Chase Utley,Ryan Howard,Marlon Byrd,Domonic Brown,Carlos Ruiz,Cody Asche,A.J. Burnett
0,Twins,2014-08-31,Orioles,Ricky Nolasco,Wei-Yin Chen,Danny Santana,Brian Dozier,Joe Mauer,Kennys Vargas,Trevor Plouffe,Chris Parmelee,Eduardo Nunez,Eric Fryer,Jordan Schafer,Nick Markakis,David Lough,Adam Jones,Nelson Cruz,Chris Davis,J.J. Hardy,Jimmy Paredes,Ryan Flaherty,Caleb Joseph
0,Angels,2014-09-5,Twins,Matt Shoemaker,Ricky Nolasco,Kole Calhoun,Mike Trout,Albert Pujols,Howie Kendrick,Erick Aybar,David Freese,Brennan Boesch,Chris Iannetta,Efren Navarro,Danny Santana,Brian Dozier,Joe Mauer,Kennys Vargas,Trevor Plouffe,Oswaldo Arcia,Josmil Pinto,Chris Herrmann,Aaron Hicks
0,Diamondbacks,2014-09-9,Giants,Wade Miley,Yusmeiro Petit,Ender Inciarte,Chris Owings,Mark Trumbo,Miguel Montero,Cody Ross,Jake Lamb,A.J. Pollock,Didi Gregorius,Wade Miley,Angel Pagan,Joe Panik,Buster Posey,Hunter Pence,Pablo Sandoval,Andrew Susac,Joaquin Arias,Gregor Blanco,Yusmeiro Petit
0,Angels,2014-09-10,Rangers,Matt Shoemaker,Nick Tepesch,Kole Calhoun,Mike Trout,Albert Pujols,Howie Kendrick,David Freese,Erick Aybar,Chris Iannetta,Brennan Boesch,Collin Cowgill,Leonys Martin,Elvis Andrus,Rougned Odor,Adrian Beltre,Adam Rosales,Tomas Telis,Ryan Rua,Luis Sardinas,Michael Choice
0,Angels,2014-09-11,Rangers,Cory Rasmus,Nick Martinez,Kole Calhoun,Mike Trout,Albert Pujols,Howie Kendrick,David Freese,Erick Aybar,Efren Navarro,Hank Conger,Collin Cowgill,Leonys Martin,Elvis Andrus,Rougned Odor,Adrian Beltre,Adam Rosales,Tomas Telis,Ryan Rua,J.P. Arencibia,Michael Choice
0,Twins,2014-09-13,White Sox,Tommy Milone,Scott Carroll,Jordan Schafer,Brian Dozier,Joe Mauer,Kennys Vargas,Trevor Plouffe,Oswaldo Arcia,Eduardo Nunez,Chris Parmelee,Eric Fryer,Marcus Semien,Alexei Ramirez,Jose Abreu,Avisail Garcia,Dayan Viciedo,Michael Taylor,Moises Sierra,Josh Phegley,Leury Garcia
0,Phillies,2014-09-19,Athletics,David Buchanan,Jon Lester,Ben Revere,Carlos Ruiz,Chase Utley,Ryan Howard,Marlon Byrd,Grady Sizemore,Darin Ruf,Maikel Franco,Freddy Galvis,Coco Crisp,Sam Fuld,Josh Donaldson,Adam Dunn,Brandon Moss,Stephen Vogt,Jed Lowrie,Derek Norris,Eric Sogard
0,White Sox,2014-09-21,Rays,John Danks,Nate Karns,Alexei Ramirez,Yolmer Sanchez,Jose Abreu,Avisail Garcia,Dayan Viciedo,Jordan Danks,Marcus Semien,Andy Wilkins,Josh Phegley,Ben Zobrist,Brandon Guyer,Evan Longoria,Wil Myers,Logan Forsythe,Yunel Escobar,James Loney,Sean Rodriguez,Curt Casali
1,Rangers,2014-09-21,Angels,Nick Tepesch,Cory Rasmus,Leonys Martin,Adam Rosales,Rougned Odor,Adrian Beltre,Jake Smolinski,Tomas Telis,Ryan Rua,J.P. Arencibia,Luis Sardinas,Kole Calhoun,Mike Trout,Albert Pujols,Howie Kendrick,Erick Aybar,David Freese,C.J. Cron,Efren Navarro,Chris Iannetta
2,Phillies,2014-09-21,Athletics,A.J. Burnett,Scott Kazmir,Ben Revere,Carlos Ruiz,Chase Utley,Ryan Howard,Marlon Byrd,Grady Sizemore,Darin Ruf,Cody Asche,Freddy Galvis,Coco Crisp,Stephen Vogt,Josh Donaldson,Adam Dunn,Brandon Moss,Jed Lowrie,Josh Reddick,Geovany Soto,Eric Sogard
0,Angels,2014-09-23,Athletics,Wade LeBlanc,Sonny Gray,Kole Calhoun,Mike Trout,Albert Pujols,Howie Kendrick,Erick Aybar,C.J. Cron,Efren Navarro,Hank Conger,Gordon Beckham,Coco Crisp,Sam Fuld,Josh Donaldson,Derek Norris,Stephen Vogt,Jed Lowrie,Josh Reddick,Geovany Soto,Eric Sogard
0,Cardinals,2014-09-26,Diamondbacks,Michael Wacha,Trevor Cahill,Matt Carpenter,Jon Jay,Matt Holliday,Matt Adams,Jhonny Peralta,Yadier Molina,Randal Grichuk,Kolten Wong,Michael Wacha,Ender Inciarte,A.J. Pollock,David Peralta,Mark Trumbo,Miguel Montero,Jake Lamb,Nick Ahmed,Didi Gregorius,Trevor Cahill
0,Athletics,2014-09-28,Rangers,Sonny Gray,Nick Martinez,Coco Crisp,Adam Dunn,Josh Donaldson,Brandon Moss,Josh Reddick,Jed Lowrie,Stephen Vogt,Geovany Soto,Eric Sogard,Leonys Martin,Elvis Andrus,Rougned Odor,Adrian Beltre,Jake Smolinski,Tomas Telis,Ryan Rua,Luis Sardinas,Adam Rosales
0,Mariners,2015-04-11,Athletics,J.A. Happ,Sonny Gray,Austin Jackson,Seth Smith,Robinson Cano,Nelson Cruz,Kyle Seager,Logan Morrison,Dustin Ackley,Brad Miller,Jesus Sucre,Craig Gentry,Mark Canha,Ben Zobrist,Billy Butler,Cody Ross,Brett Lawrie,Josh Phegley,Marcus Semien,Tyler LadendorfT. Ladendorf
0,Cardinals,2015-04-21,Nationals,Lance Lynn,Gio Gonzalez,Matt Carpenter,Jason Heyward,Matt Holliday,Jhonny Peralta,Mark Reynolds,Jon Jay,Yadier Molina,Kolten Wong,Lance Lynn,Denard Span,Ian Desmond,Jayson Werth,Bryce Harper,Ryan Zimmerman,Yunel Escobar,Wilson Ramos,Danny Espinosa,Gio Gonzalez
0,Cardinals,2015-04-22,Nationals,John Lackey,Doug Fister,Matt Carpenter,Jason Heyward,Matt Holliday,Matt Adams,Jhonny Peralta,Jon Jay,Yadier Molina,Kolten Wong,John Lackey,Denard Span,Ian Desmond,Jayson Werth,Bryce Harper,Ryan Zimmerman,Yunel Escobar,Wilson Ramos,Danny Espinosa,Doug Fister
1,Athletics,2015-04-22,Angels,Sonny Gray,Jered Weaver,Sam Fuld,Mark Canha,Stephen Vogt,Billy Butler,Ike Davis,Josh Reddick,Brett Lawrie,Eric Sogard,Marcus Semien,Kole Calhoun,Mike Trout,Albert Pujols,David Freese,Erick Aybar,Matt Joyce,Collin Cowgill,Chris Iannetta,Johnny GiavotellaJ. Giavotella
0,Cardinals,2015-04-23,Nationals,Michael Wacha,Max Scherzer,Matt Carpenter,Jason Heyward,Matt Holliday,Matt Adams,Jhonny Peralta,Kolten Wong,Jon Jay,Tony Cruz,Michael Wacha,Denard Span,Ian Desmond,Bryce Harper,Ryan Zimmerman,Clint Robinson,Yunel Escobar,Jose Lobaton,Danny Espinosa,Max Scherzer
1,Athletics,2015-04-23,Angels,Jesse Chavez,Nick Tropeano,Sam Fuld,Mark Canha,Stephen Vogt,Billy Butler,Ike Davis,Josh Reddick,Brett Lawrie,Eric Sogard,Marcus Semien,Kole Calhoun,Mike Trout,Albert Pujols,David Freese,Erick Aybar,Matt Joyce,C.J. Cron,Drew Butera,Johnny GiavotellaJ. Giavotella
0,Cardinals,2015-04-26,Brewers,Lance Lynn,Mike Fiers,Matt Carpenter,Jason Heyward,Jhonny Peralta,Matt Adams,Mark Reynolds,Kolten Wong,Peter Bourjos,Tony Cruz,Lance Lynn,Jean Segura,Logan Schafer,Gerardo Parra,Adam Lind,Khris Davis,Elian Herrera,Hector Gomez,Juan Centeno,Mike Fiers
0,Phillies,2015-04-27,Cardinals,Cole Hamels,John Lackey,Ben Revere,Odubel Herrera,Chase Utley,Jeff Francoeur,Ryan Howard,Cody Asche,Carlos Ruiz,Freddy Galvis,Cole Hamels,Matt Carpenter,Jhonny Peralta,Matt Holliday,Matt Adams,Mark Reynolds,Yadier Molina,Kolten Wong,Jon Jay,John Lackey
0,White Sox,2015-05-3,Twins,John Danks,Mike Pelfrey,JB Shuck,Melky Cabrera,Jose Abreu,Adam LaRoche,Avisail Garcia,Alexei Ramirez,Gordon Beckham,Geovany Soto,Micah Johnson,Brian Dozier,Torii Hunter,Joe Mauer,Trevor Plouffe,Kennys Vargas,Oswaldo Arcia,Shane Robinson,Chris Herrmann,Danny Santana
0,Athletics,2015-05-8,Mariners,Sonny Gray,Taijuan Walker,Coco Crisp,Sam Fuld,Josh Reddick,Billy Butler,Stephen Vogt,Ike Davis,Brett Lawrie,Marcus Semien,Eric Sogard,Seth Smith,Brad Miller,Robinson Cano,Nelson Cruz,Kyle Seager,Logan Morrison,Mike Zunino,Dustin Ackley,Chris Taylor
0,Athletics,2015-05-9,Mariners,Jesse Hahn,J.A. Happ,Coco Crisp,Marcus Semien,Josh Reddick,Billy Butler,Mark Canha,Brett Lawrie,Josh Phegley,Billy Burns,Eric Sogard,Seth Smith,Brad Miller,Robinson Cano,Nelson Cruz,Kyle Seager,Logan Morrison,Mike Zunino,Dustin Ackley,Chris Taylor
0,Nationals,2015-05-27,Cubs,Max Scherzer,Jon Lester,Denard Span,Ian Desmond,Yunel Escobar,Bryce Harper,Ryan Zimmerman,Wilson Ramos,Dan Uggla,Tyler Moore,Max Scherzer,Chris Coghlan,Anthony Rizzo,Kris Bryant,Dexter Fowler,Starlin Castro,Junior Lake,David Ross,Jon Lester,Addison RussellA. Russell
0,White Sox,2015-05-28,Orioles,Chris Sale,Tyler Wilson,Adam Eaton,Melky Cabrera,Jose Abreu,Adam LaRoche,Alexei Ramirez,JB Shuck,Gordon Beckham,Tyler Flowers,Yolmer Sanchez,Manny Machado,Jimmy Paredes,Adam Jones,Delmon Young,Chris Davis,Steve Pearce,J.J. Hardy,Caleb Joseph,Everth Cabrera
0,Yankees,2015-05-29,Athletics,Chris Capuano,Sonny Gray,Brett Gardner,Chase Headley,Alex Rodriguez,Brian McCann,Carlos Beltran,Garrett Jones,Stephen Drew,Chris Young,Didi Gregorius,Billy Burns,Marcus Semien,Ben Zobrist,Billy Butler,Stephen Vogt,Brett Lawrie,Josh Reddick,Josh Phegley,Mark Canha
0,Yankees,2015-05-30,Athletics,Nathan Eovaldi,Jesse Hahn,Brett Gardner,Chase Headley,Alex Rodriguez,Mark Teixeira,Brian McCann,Carlos Beltran,Ramon Flores,Didi Gregorius,Jose Pirela,Billy Burns,Marcus Semien,Stephen Vogt,Billy Butler,Josh Reddick,Brett Lawrie,Max Muncy,Eric Sogard,Sam Fuld
0,Nationals,2015-06-10,Yankees,Gio Gonzalez,Nathan Eovaldi,Denard Span,Anthony Rendon,Yunel Escobar,Bryce Harper,Ian Desmond,Clint Robinson,Tyler Moore,Jose Lobaton,Danny Espinosa,Brett Gardner,Chase Headley,Alex Rodriguez,Mark Teixeira,Brian McCann,Carlos Beltran,Chris Young,Jose Pirela,Brendan Ryan
0,Yankees,2015-06-12,Orioles,Michael Pineda,Ubaldo Jimenez,Brett Gardner,Chase Headley,Alex Rodriguez,Mark Teixeira,Brian McCann,Carlos Beltran,Didi Gregorius,Stephen Drew,Mason Williams,Manny Machado,Jimmy Paredes,Adam Jones,Chris Davis,J.J. Hardy,Travis Snider,Nolan Reimold,Ryan Flaherty,Caleb Joseph
0,Yankees,2015-06-13,Orioles,CC Sabathia,Bud Norris,Brett Gardner,Chase Headley,Alex Rodriguez,Mark Teixeira,Brian McCann,Carlos Beltran,Didi Gregorius,Stephen Drew,Mason Williams,Manny Machado,Nolan Reimold,Adam Jones,Delmon Young,Chris Davis,Matt Wieters,J.J. Hardy,Steve Pearce,Ryan Flaherty
0,Twins,2015-06-16,Cardinals,Kyle Gibson,Michael Wacha,Brian Dozier,Torii Hunter,Joe Mauer,Trevor Plouffe,Eduardo Nunez,Kurt Suzuki,Shane Robinson,Kyle Gibson,Byron Buxton,Kolten Wong,Matt Carpenter,Jhonny Peralta,Mark Reynolds,Yadier Molina,Jason Heyward,Randal Grichuk,Peter Bourjos,Michael Wacha
0,Orioles,2015-06-17,Phillies,Ubaldo Jimenez,Kevin Correia,Manny Machado,Travis Snider,Chris Parmelee,Chris Davis,Matt Wieters,J.J. Hardy,Ryan Flaherty,David Lough,Ubaldo Jimenez,Ben Revere,Chase Utley,Maikel Franco,Ryan Howard,Domonic Brown,Cameron Rupp,Cody Asche,Freddy Galvis,Kevin Correia
0,Cardinals,2015-06-18,Twins,Jaime Garcia,Mike Pelfrey,Kolten Wong,Matt Carpenter,Jhonny Peralta,Mark Reynolds,Yadier Molina,Jason Heyward,Peter Bourjos,Jon Jay,Tony Cruz,Brian Dozier,Joe Mauer,Trevor Plouffe,Torii Hunter,Eddie Rosario,Eduardo Nunez,Kurt Suzuki,Kennys Vargas,Byron Buxton
0,Cardinals,2015-06-20,Phillies,John Lackey,Aaron Harang,Kolten Wong,Matt Carpenter,Jhonny Peralta,Jason Heyward,Yadier Molina,Randal Grichuk,Xavier Scruggs,Peter Bourjos,John Lackey,Ben Revere,Chase Utley,Maikel Franco,Ryan Howard,Domonic Brown,Cody Asche,Freddy Galvis,Carlos Ruiz,Aaron Harang
0,White Sox,2015-06-22,Twins,John Danks,Tommy Milone,Adam Eaton,Avisail Garcia,Jose Abreu,Melky Cabrera,Adam LaRoche,Alexei Ramirez,Gordon Beckham,Geovany Soto,Yolmer Sanchez,Byron Buxton,Brian Dozier,Joe Mauer,Torii Hunter,Trevor Plouffe,Eddie Rosario,Kurt Suzuki,Kennys Vargas,Eduardo Nunez
0,Athletics,2015-06-25,Rangers,Sonny Gray,Colby Lewis,Billy Burns,Eric Sogard,Stephen Vogt,Ben Zobrist,Josh Reddick,Brett Lawrie,Ike Davis,Marcus Semien,Sam Fuld,Rougned Odor,Shin-Soo Choo,Prince Fielder,Adrian Beltre,Mitch Moreland,Joey Gallo,Elvis Andrus,Leonys Martin,Robinson ChirinosR. Chirinos
0,Mariners,2015-06-26,Angels,Taijuan Walker,Matt Shoemaker,Logan Morrison,Austin Jackson,Robinson Cano,Nelson Cruz,Kyle Seager,Mark Trumbo,Seth Smith,Brad Miller,Mike Zunino,Efren Navarro,Kole Calhoun,Mike Trout,Albert Pujols,Erick Aybar,David Freese,Matt Joyce,Chris Iannetta,Taylor FeatherstonT. Featherston
0,Mariners,2015-07-3,Athletics,J.A. Happ,Jesse Chavez,Logan Morrison,Austin Jackson,Robinson Cano,Nelson Cruz,Kyle Seager,Seth Smith,Mark Trumbo,Brad Miller,Mike Zunino,Billy Burns,Stephen Vogt,Ben Zobrist,Billy Butler,Josh Phegley,Brett Lawrie,Josh Reddick,Mark Canha,Marcus Semien
0,Cardinals,2015-07-6,Cubs,John Lackey,Jon Lester,Tommy Pham,Matt Carpenter,Jhonny Peralta,Jason Heyward,Yadier Molina,Kolten Wong,Mark Reynolds,Randal Grichuk,John Lackey,Chris Coghlan,Anthony Rizzo,Kris Bryant,Miguel Montero,Starlin Castro,Jorge Soler,Dexter Fowler,Jon Lester,Addison RussellA. Russell
0,Cardinals,2015-07-7,Cubs,Tyler Lyons,Jake Arrieta,Tommy Pham,Kolten Wong,Jhonny Peralta,Jason Heyward,Mark Reynolds,Peter Bourjos,Xavier Scruggs,Tony Cruz,Tyler Lyons,Dexter Fowler,Anthony Rizzo,Kris Bryant,Jorge Soler,Chris Denorfia,Starlin Castro,Miguel Montero,Jake Arrieta,Jonathan HerreraJ. Herrera
1,Athletics,2015-07-7,Yankees,Sonny Gray,Nathan Eovaldi,Billy Burns,Stephen Vogt,Ben Zobrist,Josh Reddick,Billy Butler,Ike Davis,Brett Lawrie,Eric Sogard,Marcus Semien,Brett Gardner,Chase Headley,Alex Rodriguez,Mark Teixeira,Brian McCann,Garrett Jones,Chris Young,Didi Gregorius,Stephen Drew
0,Cardinals,2015-07-8,Cubs,Michael Wacha,Jason Hammel,Tommy Pham,Matt Carpenter,Jhonny Peralta,Jason Heyward,Yadier Molina,Mark Reynolds,Randal Grichuk,Dan Johnson,Michael Wacha,Dexter Fowler,Anthony Rizzo,Kris Bryant,Jorge Soler,Starlin Castro,Miguel Montero,Chris Coghlan,Jason Hammel,Addison RussellA. Russell
0,White Sox,2015-07-11,Cubs,Chris Sale,Jon Lester,Adam Eaton,Tyler Saladino,Jose Abreu,Melky Cabrera,Avisail Garcia,Alexei Ramirez,Tyler Flowers,Yolmer Sanchez,Chris Sale,Dexter Fowler,Anthony Rizzo,Kris Bryant,Jorge Soler,Chris Denorfia,Starlin Castro,Miguel Montero,Jon Lester,Addison RussellA. Russell
0,Twins,2015-07-17,Athletics,Ervin Santana,Sonny Gray,Brian Dozier,Torii Hunter,Joe Mauer,Miguel Sano,Trevor Plouffe,Eddie Rosario,Aaron Hicks,Kurt Suzuki,Danny Santana,Billy Burns,Stephen Vogt,Ben Zobrist,Josh Reddick,Billy Butler,Ike Davis,Brett Lawrie,Eric Sogard,Marcus Semien
0,Twins,2015-07-19,Athletics,Tommy Milone,Jesse Chavez,Brian Dozier,Eddie Rosario,Joe Mauer,Torii Hunter,Trevor Plouffe,Aaron Hicks,Shane Robinson,Eric Fryer,Danny Santana,Billy Burns,Mark Canha,Ben Zobrist,Billy Butler,Jake Smolinski,Brett Lawrie,Josh Phegley,Josh Reddick,Marcus Semien
0,Yankees,2015-07-27,Rangers,Ivan Nova,Matt Harrison,Brett Gardner,Chris Young,Alex Rodriguez,Mark Teixeira,Brian McCann,Carlos Beltran,Chase Headley,Didi Gregorius,Brendan Ryan,Rougned Odor,Shin-Soo Choo,Prince Fielder,Mitch Moreland,Adrian Beltre,Josh Hamilton,Elvis Andrus,Leonys Martin,Robinson ChirinosR. Chirinos
0,Astros,2015-08-6,Athletics,Scott Feldman,Aaron Brooks,Jose Altuve,Carlos Gomez,Carlos Correa,Jed Lowrie,Colby Rasmus,Evan Gattis,Luis Valbuena,Jason Castro,Jake Marisnick,Billy Burns,Coco Crisp,Josh Reddick,Billy Butler,Stephen Vogt,Brett Lawrie,Ike Davis,Marcus Semien,Eric Sogard
0,Astros,2015-08-7,Athletics,Dallas Keuchel,Sonny Gray,Jose Altuve,Carlos Gomez,Carlos Correa,Jed Lowrie,Colby Rasmus,Evan Gattis,Preston Tucker,Luis Valbuena,Jason Castro,Billy Burns,Coco Crisp,Brett Lawrie,Danny Valencia,Billy Butler,Josh Phegley,Marcus Semien,Mark Canha,Sam Fuld
0,Astros,2015-08-8,Athletics,Collin McHugh,Jesse Chavez,Jose Altuve,Carlos Gomez,Carlos Correa,Colby Rasmus,Evan Gattis,Preston Tucker,Luis Valbuena,Chris Carter,Hank Conger,Billy Burns,Coco Crisp,Josh Reddick,Danny Valencia,Stephen Vogt,Brett Lawrie,Ike Davis,Marcus Semien,Eric Sogard
0,Astros,2015-08-9,Athletics,Mike Fiers,Chris Bassitt,Jose Altuve,Preston Tucker,Carlos Correa,Carlos Gomez,Jed Lowrie,Colby Rasmus,Luis Valbuena,Chris Carter,Jason Castro,Billy Burns,Coco Crisp,Josh Reddick,Danny Valencia,Stephen Vogt,Brett Lawrie,Ike Davis,Josh Phegley,Marcus Semien
0,Rangers,2015-09-8,Mariners,Cole Hamels,Taijuan Walker,Will Venable,Shin-Soo Choo,Prince Fielder,Adrian Beltre,Mitch Moreland,Elvis Andrus,Rougned Odor,Joey Gallo,Chris Gimenez,Ketel Marte,Kyle Seager,Stefen Romero,Robinson Cano,Mark Trumbo,Logan Morrison,Jesus Montero,Shawn O'Malley,Jesus Sucre
0,Athletics,2015-09-16,White Sox,Cody Martin,Erik Johnson,Sam Fuld,Marcus Semien,Josh Reddick,Mark Canha,Billy Butler,Brett Lawrie,Eric Sogard,Jake Smolinski,Carson Blair,Adam Eaton,Yolmer Sanchez,Jose Abreu,Melky Cabrera,Avisail Garcia,JB Shuck,Rob Brantly,Mike Olt,Tyler Saladino
0,Athletics,2015-09-29,Angels,Chris Bassitt,Nick Tropeano,Billy Burns,Marcus Semien,Josh Reddick,Danny Valencia,Stephen Vogt,Billy Butler,Brett Lawrie,Max Muncy,Jake Smolinski,Erick Aybar,Kole Calhoun,Mike Trout,Albert Pujols,David Murphy,C.J. Cron,David Freese,Carlos Perez,Johnny GiavotellaJ. Giavotella
0,White Sox,2016-04-4,Athletics,Chris Sale,Rich Hill,Adam Eaton,Jimmy Rollins,Jose Abreu,Todd Frazier,Melky Cabrera,Avisail Garcia,Brett Lawrie,Dioner Navarro,Austin Jackson,Billy Burns,Jed Lowrie,Josh Reddick,Danny Valencia,Khris Davis,Billy Butler,Mark Canha,Stephen Vogt,Marcus Semien
0,White Sox,2016-04-5,Athletics,Jose Quintana,Chris Bassitt,Adam Eaton,Jimmy Rollins,Jose Abreu,Todd Frazier,Melky Cabrera,Avisail Garcia,Brett Lawrie,Alex Avila,Austin Jackson,Coco Crisp,Jed Lowrie,Josh Reddick,Danny Valencia,Khris Davis,Billy Butler,Josh Phegley,Yonder Alonso,Marcus Semien
0,White Sox,2016-04-6,Athletics,Carlos Rodon,Sonny Gray,Adam Eaton,Jimmy Rollins,Jose Abreu,Todd Frazier,Melky Cabrera,Avisail Garcia,Brett Lawrie,Alex Avila,Austin Jackson,Billy Burns,Khris Davis,Jed Lowrie,Danny Valencia,Billy Butler,Josh Phegley,Mark Canha,Yonder Alonso,Marcus Semien
0,Athletics,2016-04-19,Yankees,Eric Surkamp,Michael Pineda,Billy Burns,Chris Coghlan,Josh Reddick,Danny Valencia,Stephen Vogt,Jed Lowrie,Khris Davis,Yonder Alonso,Marcus Semien,Brett Gardner,Starlin Castro,Carlos Beltran,Mark Teixeira,Alex Rodriguez,Brian McCann,Aaron Hicks,Chase Headley,Didi Gregorius
0,Rangers,2016-04-24,White Sox,Derek Holland,Mat Latos,Rougned Odor,Nomar Mazara,Adrian Beltre,Prince Fielder,Ian Desmond,Mitch Moreland,Elvis Andrus,Ryan Rua,Brett Nicholas,Adam Eaton,Tyler Saladino,Jose Abreu,Todd Frazier,Melky Cabrera,Brett Lawrie,Jerry Sands,Dioner Navarro,Austin Jackson
0,White Sox,2016-05-11,Rangers,Mat Latos,Cole Hamels,Adam Eaton,Austin Jackson,Jose Abreu,Todd Frazier,Melky Cabrera,Brett Lawrie,Avisail Garcia,Dioner Navarro,Tyler Saladino,Rougned Odor,Ian Desmond,Nomar Mazara,Adrian Beltre,Prince Fielder,Mitch Moreland,Elvis Andrus,Ryan Rua,Bobby Wilson
0,White Sox,2016-05-13,Yankees,Chris Sale,Luis Severino,Adam Eaton,Jimmy Rollins,Jose Abreu,Todd Frazier,Melky Cabrera,Brett Lawrie,Avisail Garcia,Alex Avila,Austin Jackson,Aaron Hicks,Starlin Castro,Carlos Beltran,Mark Teixeira,Chase Headley,Gary Sanchez,Brett Gardner,Austin Romine,Ronald TorreyesR. Torreyes
0,White Sox,2016-05-14,Yankees,Jose Quintana,Ivan Nova,Adam Eaton,Jimmy Rollins,Jose Abreu,Todd Frazier,Melky Cabrera,Brett Lawrie,Avisail Garcia,Dioner Navarro,Austin Jackson,Brett Gardner,Starlin Castro,Mark Teixeira,Carlos Beltran,Brian McCann,Chase Headley,Aaron Hicks,Didi Gregorius,Austin Romine
0,Rangers,2016-05-16,Athletics,Derek Holland,Sean Manaea,Rougned Odor,Elvis Andrus,Nomar Mazara,Adrian Beltre,Ian Desmond,Ryan Rua,Drew Stubbs,Bobby Wilson,Hanser Alberto,Coco Crisp,Billy Burns,Josh Reddick,Danny Valencia,Khris Davis,Billy Butler,Marcus Semien,Matt McBride,Tyler LadendorfT. Ladendorf
0,Rangers,2016-05-17,Athletics,Cole Hamels,Jesse Hahn,Rougned Odor,Ian Desmond,Nomar Mazara,Adrian Beltre,Prince Fielder,Mitch Moreland,Ryan Rua,Bobby Wilson,Hanser Alberto,Coco Crisp,Billy Burns,Josh Reddick,Danny Valencia,Khris Davis,Billy Butler,Marcus Semien,Chris Coghlan,Matt McBride
0,Rangers,2016-05-18,Athletics,Martin Perez,Rich Hill,Rougned Odor,Ian Desmond,Adrian Beltre,Prince Fielder,Ryan Rua,Mitch Moreland,Elvis Andrus,Drew Stubbs,Bryan Holaday,Coco Crisp,Billy Burns,Josh Reddick,Danny Valencia,Khris Davis,Billy Butler,Marcus Semien,Stephen Vogt,Tyler LadendorfT. Ladendorf
0,Nationals,2016-06-8,White Sox,Max Scherzer,James Shields,Ben Revere,Jayson Werth,Bryce Harper,Daniel Murphy,Wilson Ramos,Ryan Zimmerman,Anthony Rendon,Stephen Drew,Danny Espinosa,Adam Eaton,Austin Jackson,Jose Abreu,Todd Frazier,Melky Cabrera,Jimmy Rollins,Brett Lawrie,Alex Avila,Avisail Garcia
0,Rangers,2016-06-16,Athletics,Colby Lewis,Daniel Mengden,Rougned Odor,Ian Desmond,Nomar Mazara,Adrian Beltre,Prince Fielder,Ryan Rua,Mitch Moreland,Elvis Andrus,Bobby Wilson,Coco Crisp,Jed Lowrie,Stephen Vogt,Danny Valencia,Khris Davis,Yonder Alonso,Marcus Semien,Max Muncy,Billy Burns
0,Twins,2016-07-9,Rangers,Ricky Nolasco,Kyle Lohse,Eduardo Nunez,Joe Mauer,Miguel Sano,Brian Dozier,Max Kepler,Kennys Vargas,Eddie Rosario,Juan Centeno,Danny Santana,Shin-Soo Choo,Ian Desmond,Rougned Odor,Adrian Beltre,Prince Fielder,Nomar Mazara,Elvis Andrus,Mitch Moreland,Robinson ChirinosR. Chirinos
0,Athletics,2016-08-20,White Sox,Ross Detwiler,Chris Sale,Marcus Semien,Jake Smolinski,Danny Valencia,Khris Davis,Ryon Healy,Stephen Vogt,Brett Eibner,Yonder Alonso,Chad Pinder,Tim Anderson,Adam Eaton,Jose Abreu,Melky Cabrera,Todd Frazier,Justin Morneau,Jason Coats,Dioner Navarro,Yolmer Sanchez
0,Athletics,2016-08-21,White Sox,Zach Neal,Jose Quintana,Coco Crisp,Jake Smolinski,Marcus Semien,Khris Davis,Ryon Healy,Brett Eibner,Yonder Alonso,Chad Pinder,Bruce Maxwell,Adam Eaton,Tim Anderson,Melky Cabrera,Jose Abreu,Justin Morneau,Todd Frazier,Omar Narvaez,Yolmer Sanchez,JB Shuck
0,White Sox,2016-09-1,Twins,Jose Quintana,Ervin Santana,Adam Eaton,Tim Anderson,Melky Cabrera,Jose Abreu,Justin Morneau,Todd Frazier,Avisail Garcia,Alex Avila,Tyler Saladino,Brian Dozier,Joe Mauer,Trevor Plouffe,Miguel Sano,Jorge Polanco,Max Kepler,Kurt Suzuki,Eddie Rosario,Byron Buxton
0,Mariners,2016-09-11,Athletics,James Paxton,Raul Alcantara,Norichika Aoki,Seth Smith,Robinson Cano,Nelson Cruz,Kyle Seager,Adam Lind,Mike Zunino,Leonys Martin,Ketel Marte,Jake Smolinski,Marcus Semien,Danny Valencia,Khris Davis,Ryon Healy,Stephen Vogt,Brett Eibner,Yonder Alonso,Chad Pinder
0,Nationals,2016-09-16,Braves,Max Scherzer,John Gant,Trea Turner,Jayson Werth,Daniel Murphy,Bryce Harper,Anthony Rendon,Wilson Ramos,Ryan Zimmerman,Stephen Drew,Max Scherzer,Ender Inciarte,Adonis Garcia,Nick Markakis,Matt Kemp,Tyler Flowers,Gordon Beckham,Dansby Swanson,Blake Lalli,John Gant
0,Giants,2016-09-23,Padres,Albert Suarez,Edwin Jackson,Denard Span,Angel Pagan,Buster Posey,Hunter Pence,Brandon Belt,Eduardo Nunez,Joe Panik,Ehire Adrianza,Albert Suarez,Jon Jay,Carlos Asuaje,Wil Myers,Ryan Schimpf,Alex Dickerson,Hunter Renfroe,Austin Hedges,Luis Sardinas,Edwin Jackson
0,White Sox,2016-09-25,Indians,Carlos Rodon,Josh Tomlin,Tim Anderson,Melky Cabrera,Jose Abreu,Justin Morneau,Todd Frazier,Avisail Garcia,Omar Narvaez,Yolmer Sanchez,Leury Garcia,Rajai Davis,Jason Kipnis,Jose Ramirez,Mike Napoli,Carlos Santana,Brandon Guyer,Coco Crisp,Chris Gimenez,Michael MartinezM. Martinez
0,Athletics,2016-09-30,Mariners,Raul Alcantara,Taijuan Walker,Joey Wendle,Stephen Vogt,Ryon Healy,Khris Davis,Yonder Alonso,Marcus Semien,Bruce Maxwell,Jake Smolinski,Matt Olson,Norichika Aoki,Seth Smith,Robinson Cano,Nelson Cruz,Kyle Seager,Adam Lind,Leonys Martin,Mike Zunino,Ketel Marte
0,Mariners,2017-04-20,Athletics,James Paxton,Cesar Valdez,Jarrod Dyson,Mitch Haniger,Robinson Cano,Nelson Cruz,Kyle Seager,Taylor Motter,Danny Valencia,Leonys Martin,Mike Zunino,Rajai Davis,Adam Rosales,Jed Lowrie,Khris Davis,Ryon Healy,Trevor Plouffe,Chad Pinder,Josh Phegley,Jaff Decker
0,White Sox,2017-05-6,Orioles,Dylan Covey,Dylan Bundy,Melky Cabrera,Leury Garcia,Jose Abreu,Avisail Garcia,Todd Frazier,Cody Asche,Tim Anderson,Omar Narvaez,Yolmer Sanchez,Seth Smith,Adam Jones,Manny Machado,Chris Davis,Mark Trumbo,Trey Mancini,Ryan Flaherty,J.J. Hardy,Caleb Joseph
0,White Sox,2017-05-7,Orioles,Jose Quintana,Chris Tillman,Melky Cabrera,Leury Garcia,Jose Abreu,Avisail Garcia,Todd Frazier,Cody Asche,Tyler Saladino,Geovany Soto,Yolmer Sanchez,Joey Rickard,Adam Jones,Manny Machado,Mark Trumbo,Chris Davis,Trey Mancini,J.J. Hardy,Francisco Pena,Ryan Flaherty
0,White Sox,2017-05-18,Mariners,Dylan Covey,Sam Gaviglio,Leury Garcia,Yolmer Sanchez,Melky Cabrera,Jose Abreu,Avisail Garcia,Todd Frazier,Tim Anderson,Matt Davidson,Omar Narvaez,Jean Segura,Ben Gamel,Nelson Cruz,Kyle Seager,Danny Valencia,Boog Powell,Taylor Motter,Jarrod Dyson,Carlos Ruiz
0,Athletics,2017-05-27,Yankees,Jharel Cotton,CC Sabathia,Rajai Davis,Mark Canha,Jed Lowrie,Khris Davis,Ryon Healy,Trevor Plouffe,Chad Pinder,Josh Phegley,Adam Rosales,Brett Gardner,Gary Sanchez,Matt Holliday,Starlin Castro,Aaron Judge,Didi Gregorius,Aaron Hicks,Chris Carter,Ronald TorreyesR. Torreyes
0,Athletics,2017-05-28,Yankees,Andrew Triggs,Michael Pineda,Mark Canha,Stephen Vogt,Jed Lowrie,Khris Davis,Yonder Alonso,Ryon Healy,Josh Phegley,Matt Joyce,Adam Rosales,Brett Gardner,Gary Sanchez,Matt Holliday,Starlin Castro,Aaron Judge,Didi Gregorius,Aaron Hicks,Chris Carter,Ronald TorreyesR. Torreyes
0,Brewers,2017-06-13,Cardinals,Brent Suter,Lance Lynn,Eric Sogard,Eric Thames,Hernan Perez,Travis Shaw,Lewis Brinson,Jett Bandy,Nick Franklin,Orlando Arcia,Brent Suter,Matt Carpenter,Dexter Fowler,Tommy Pham,Jedd Gyorko,Yadier Molina,Kolten Wong,Jose Martinez,Greg Garcia,Lance Lynn
0,Yankees,2017-06-18,Athletics,Luis Cessa,Jharel Cotton,Brett Gardner,Gary Sanchez,Aaron Judge,Matt Holliday,Starlin Castro,Didi Gregorius,Chase Headley,Chris Carter,Mason Williams,Matt Joyce,Chad Pinder,Jed Lowrie,Khris Davis,Ryon Healy,Stephen Vogt,Matt Chapman,Jaycob Brugman,Josh Phegley
0,Athletics,2017-06-23,White Sox,Jharel Cotton,Mike Pelfrey,Matt Joyce,Matt Olson,Jed Lowrie,Khris Davis,Yonder Alonso,Ryon Healy,Chad Pinder,Bruce Maxwell,Jaycob Brugman,Melky Cabrera,Jose Abreu,Avisail Garcia,Todd Frazier,Matt Davidson,Tim Anderson,Yolmer Sanchez,Kevan Smith,Adam Engel
0,Athletics,2017-07-6,Mariners,Paul Blackburn,Sam Gaviglio,Matt Joyce,Marcus Semien,Yonder Alonso,Khris Davis,Jed Lowrie,Ryon Healy,Bruce Maxwell,Matt Chapman,Jaycob Brugman,Jean Segura,Ben Gamel,Robinson Cano,Nelson Cruz,Kyle Seager,Danny Valencia,Mitch Haniger,Jarrod Dyson,Mike Zunino
0,Athletics,2017-07-8,Mariners,Chris Smith,Andrew Moore,Matt Joyce,Marcus Semien,Yonder Alonso,Ryon Healy,Jed Lowrie,Bruce Maxwell,Matt Chapman,Jaycob Brugman,Rajai Davis,Jean Segura,Ben Gamel,Robinson Cano,Nelson Cruz,Kyle Seager,Danny Valencia,Mitch Haniger,Jarrod Dyson,Mike Zunino
0,Mariners,2017-07-14,White Sox,James Paxton,James Shields,Jean Segura,Ben Gamel,Robinson Cano,Nelson Cruz,Kyle Seager,Danny Valencia,Mitch Haniger,Jarrod Dyson,Mike Zunino,Tim Anderson,Melky Cabrera,Jose Abreu,Todd Frazier,Avisail Garcia,Matt Davidson,Tyler Saladino,Kevan Smith,Adam Engel
0,Mariners,2017-08-1,Rangers,Erasmo Ramirez,Nick Martinez,Ben Gamel,Jarrod Dyson,Robinson Cano,Nelson Cruz,Kyle Seager,Danny Valencia,Leonys Martin,Mike Zunino,Danny Espinosa,Shin-Soo Choo,Elvis Andrus,Nomar Mazara,Adrian Beltre,Rougned Odor,Mike Napoli,Joey Gallo,Carlos Gomez,Brett Nicholas
0,Blue Jays,2017-08-19,Cubs,Nick Tepesch,Jose Quintana,Jose Bautista,Josh Donaldson,Justin Smoak,Steve Pearce,Kevin Pillar,Darwin Barney,Raffy Lopez,Rob Refsnyder,Nick Tepesch,Jon Jay,Kyle Schwarber,Kris Bryant,Anthony Rizzo,Ian Happ,Alex Avila,Jason Heyward,Javier Baez,Jose Quintana
0,Astros,2017-09-9,Athletics,Brad Peacock,Daniel Mengden,Cameron Maybin,Alex Bregman,Jose Altuve,Carlos Correa,Josh Reddick,Yuli Gurriel,Carlos Beltran,Brian McCann,Tony Kemp,Boog Powell,Chad Pinder,Ryon Healy,Matt Olson,Matt Chapman,Bruce Maxwell,Mark Canha,Joey Wendle,Franklin BarretoF. Barreto
0,Mariners,2017-09-26,Athletics,James Paxton,Daniel Mengden,Ben Gamel,Mitch Haniger,Robinson Cano,Nelson Cruz,Yonder Alonso,Mike Zunino,Danny Valencia,Gordon Beckham,Taylor Motter,Marcus Semien,Matt Chapman,Jed Lowrie,Khris Davis,Ryon Healy,Mark Canha,Renato Nunez,Josh Phegley,Jake Smolinski
0,Cardinals,2018-05-16,Twins,Miles Mikolas,Lance Lynn,Tommy Pham,Jose Martinez,Paul DeJong,Marcell Ozuna,Dexter Fowler,Jedd Gyorko,Matt Carpenter,Francisco Pena,Greg Garcia,Joe Mauer,Brian Dozier,Eddie Rosario,Max Kepler,Mitch Garver,Logan Morrison,Byron Buxton,Ehire Adrianza,Gregorio Petit
0,Marlins,2018-06-6,Cardinals,Wei-Yin Chen,Jack Flaherty,Starlin Castro,Derek Dietrich,J.T. Realmuto,Justin Bour,Brian Anderson,Miguel Rojas,JT Riddle,Lewis Brinson,Wei-Yin Chen,Matt Carpenter,Tommy Pham,Jose Martinez,Marcell Ozuna,Yadier Molina,Jedd Gyorko,Harrison Bader,Yairo Munoz,Jack Flaherty
0,Cardinals,2018-07-10,White Sox,Miles Mikolas,Dylan Covey,Matt Carpenter,Paul DeJong,Jose Martinez,Marcell Ozuna,Yadier Molina,Jedd Gyorko,Dexter Fowler,Yairo Munoz,Kolten Wong,Yoan Moncada,Yolmer Sanchez,Jose Abreu,Daniel Palka,Matt Davidson,Leury Garcia,Omar Narvaez,Tim Anderson,Charlie Tilson
0,Cardinals,2018-07-11,White Sox,Luke Weaver,Carlos Rodon,Matt Carpenter,Tommy Pham,Jose Martinez,Marcell Ozuna,Yadier Molina,Jedd Gyorko,Paul DeJong,Dexter Fowler,Kolten Wong,Yoan Moncada,Yolmer Sanchez,Jose Abreu,Daniel Palka,Matt Davidson,Leury Garcia,Omar Narvaez,Tim Anderson,Charlie Tilson
0,White Sox,2018-07-22,Mariners,Reynaldo Lopez,Marco Gonzales,Tim Anderson,Leury Garcia,Jose Abreu,Avisail Garcia,Matt Davidson,Yoan Moncada,Kevan Smith,Yolmer Sanchez,Adam Engel,Dee Gordon,Jean Segura,Mitch Haniger,Nelson Cruz,Kyle Seager,Denard Span,Ryon Healy,Mike Zunino,Guillermo HerediaG. Heredia
0,Nationals,2018-08-13,Cardinals,Tommy Milone,Miles Mikolas,Adam Eaton,Trea Turner,Bryce Harper,Anthony Rendon,Juan Soto,Ryan Zimmerman,Daniel Murphy,Matt Wieters,Tommy Milone,Matt Carpenter,Yadier Molina,Jose Martinez,Marcell Ozuna,Paul DeJong,Jedd Gyorko,Harrison Bader,Kolten Wong,Miles Mikolas
0,Nationals,2018-08-14,Cardinals,Gio Gonzalez,John Gant,Adam Eaton,Trea Turner,Bryce Harper,Anthony Rendon,Juan Soto,Daniel Murphy,Matt Adams,Matt Wieters,Gio Gonzalez,Matt Carpenter,Yadier Molina,Jose Martinez,Marcell Ozuna,Paul DeJong,Jedd Gyorko,Harrison Bader,Kolten Wong,John Gant
0,Nationals,2018-08-16,Cardinals,Tanner Roark,Luke Weaver,Adam Eaton,Trea Turner,Bryce Harper,Anthony Rendon,Juan Soto,Ryan Zimmerman,Daniel Murphy,Matt Wieters,Tanner Roark,Matt Carpenter,Yadier Molina,Tyler O'Neill,Marcell Ozuna,Paul DeJong,Kolten Wong,Harrison Bader,Greg Garcia,Luke Weaver
0,Marlins,2018-08-19,Nationals,Jose Urena,Gio Gonzalez,Rafael Ortega,J.T. Realmuto,Brian Anderson,Starlin Castro,Austin Dean,JT Riddle,Isaac Galloway,Bryan Holaday,Jose Urena,Adam Eaton,Trea Turner,Bryce Harper,Anthony Rendon,Juan Soto,Daniel Murphy,Matt Adams,Matt Wieters,Gio Gonzalez
0,Mariners,2018-08-29,Padres,Erasmo Ramirez,Joey Lucchesi,Mitch Haniger,Jean Segura,Robinson Cano,Nelson Cruz,Ryon Healy,Kyle Seager,Mike Zunino,Cameron Maybin,Erasmo Ramirez,Freddy Galvis,Luis Urias,Wil Myers,Eric Hosmer,Hunter Renfroe,Austin Hedges,Franmil Reyes,Manuel Margot,Joey Lucchesi
0,Cardinals,2018-09-3,Nationals,Jack Flaherty,Max Scherzer,Matt Carpenter,Yairo Munoz,Matt Adams,Marcell Ozuna,Paul DeJong,Greg Garcia,Harrison Bader,Francisco Pena,Jack Flaherty,Adam Eaton,Trea Turner,Bryce Harper,Anthony Rendon,Juan Soto,Ryan Zimmerman,Wilmer Difo,Pedro Severino,Max Scherzer
0,Cardinals,2018-09-4,Nationals,John Gant,Erick Fedde,Matt Carpenter,Yairo Munoz,Jose Martinez,Marcell Ozuna,Paul DeJong,Yadier Molina,Patrick Wisdom,Harrison Bader,John Gant,Adam Eaton,Trea Turner,Bryce Harper,Anthony Rendon,Juan Soto,Ryan Zimmerman,Wilmer Difo,Pedro Severino,Erick Fedde
0,Cardinals,2018-09-5,Nationals,Miles Mikolas,Tanner Roark,Matt Carpenter,Jose Martinez,Matt Adams,Marcell Ozuna,Paul DeJong,Yadier Molina,Harrison Bader,Yairo Munoz,Miles Mikolas,Adam Eaton,Trea Turner,Bryce Harper,Anthony Rendon,Juan Soto,Ryan Zimmerman,Wilmer Difo,Pedro Severino,Tanner Roark
0,Pirates,2018-09-30,Reds,Clay Holmes,Sal Romano,Pablo Reyes,Starling Marte,Josh Bell,Elias Diaz,Colin Moran,Jose Osuna,Kevin Kramer,Kevin Newman,Clay Holmes,Jose Peraza,Billy Hamilton,Joey Votto,Eugenio Suarez,Scott Schebler,Phillip Ervin,Dilson Herrera,Tim Federowicz,Sal Romano
0,White Sox,2019-04-3,Indians,Carlos Rodon,Corey Kluber,Leury Garcia,Yoan Moncada,Jose Abreu,Yonder Alonso,Eloy Jimenez,Daniel Palka,Jose Rondon,James McCann,Yolmer Sanchez,Leonys Martin,Jose Ramirez,Jordan Luplow,Carlos Santana,Hanley Ramirez,Greg Allen,Roberto Perez,Max Moroff,Eric Stamets
0,White Sox,2019-04-12,Yankees,Lucas Giolito,J.A. Happ,Leury Garcia,Tim Anderson,Jose Abreu,Yonder Alonso,Yoan Moncada,Eloy Jimenez,James McCann,Jose Rondon,Adam Engel,Brett Gardner,Aaron Judge,Luke Voit,Gleyber Torres,Greg Bird,DJ LeMahieu,Clint Frazier,Gio Urshela,Austin Romine
0,Pirates,2019-05-17,Padres,Jordan Lyles,Joey Lucchesi,Kevin Newman,Starling Marte,Melky Cabrera,Josh Bell,Bryan Reynolds,Elias Diaz,Jake Elmore,Cole Tucker,Jordan Lyles,Ian Kinsler,Franmil Reyes,Manny Machado,Eric Hosmer,Wil Myers,Ty France,Manuel Margot,Austin Hedges,Joey Lucchesi
0,Mets,2019-05-18,Marlins,Steven Matz,Pablo Lopez,Jeff McNeil,Amed Rosario,Robinson Cano,Pete Alonso,Wilson Ramos,Brandon Nimmo,Todd Frazier,Juan Lagares,Steven Matz,Jon Berti,Garrett Cooper,Brian Anderson,Starlin Castro,Jorge Alfaro,Martin Prado,Harold Ramirez,Miguel Rojas,Pablo Lopez
1,Dodgers,2019-05-18,Reds,Walker Buehler,Tyler Mahle,Joc Pederson,Max Muncy,Cody Bellinger,Corey Seager,Alex Verdugo,Matt Beaty,Chris Taylor,Austin Barnes,Walker Buehler,Nick Senzel,Joey Votto,Eugenio Suarez,Jesse Winker,Yasiel Puig,Derek Dietrich,Jose Iglesias,Tyler Mahle,Tucker BarnhartT. Barnhart
0,Nationals,2019-05-20,Mets,Patrick Corbin,Wilmer Font,Trea Turner,Adam Eaton,Anthony Rendon,Juan Soto,Howie Kendrick,Gerardo Parra,Victor Robles,Yan Gomes,Patrick Corbin,Jeff McNeil,Amed Rosario,J.D. Davis,Pete Alonso,Wilson Ramos,Todd Frazier,Carlos Gomez,Juan Lagares,Wilmer Font
0,Nationals,2019-05-21,Mets,Erick Fedde,Zack Wheeler,Trea Turner,Adam Eaton,Anthony Rendon,Juan Soto,Gerardo Parra,Victor Robles,Brian Dozier,Yan Gomes,Erick Fedde,Jeff McNeil,Amed Rosario,Robinson Cano,Pete Alonso,Todd Frazier,Wilson Ramos,Carlos Gomez,Juan Lagares,Zack Wheeler
0,Nationals,2019-05-22,Mets,Max Scherzer,Jacob deGrom,Trea Turner,Adam Eaton,Anthony Rendon,Juan Soto,Matt Adams,Kurt Suzuki,Brian Dozier,Victor Robles,Max Scherzer,Amed Rosario,J.D. Davis,Robinson Cano,Pete Alonso,Todd Frazier,Carlos Gomez,Juan Lagares,Tomas Nido,Jacob deGrom
0,Padres,2019-05-27,Yankees,Matt Strahm,Chad Green,Greg Garcia,Franmil Reyes,Manny Machado,Eric Hosmer,Hunter Renfroe,Wil Myers,Josh Naylor,Ian Kinsler,Austin Hedges,DJ LeMahieu,Luke Voit,Aaron Hicks,Gary Sanchez,Gleyber Torres,Clint Frazier,Gio Urshela,Austin Romine,Brett Gardner
0,Nationals,2019-05-31,Reds,Patrick Corbin,Tyler Mahle,Trea Turner,Adam Eaton,Anthony Rendon,Juan Soto,Howie Kendrick,Matt Adams,Victor Robles,Yan Gomes,Patrick Corbin,Nick Senzel,Joey Votto,Eugenio Suarez,Yasiel Puig,Jose Iglesias,Curt Casali,Jose Peraza,Kyle Farmer,Tyler Mahle
1,Marlins,2019-05-31,Padres,Caleb Smith,Joey Lucchesi,Austin Dean,Garrett Cooper,Brian Anderson,Starlin Castro,Harold Ramirez,Martin Prado,Jorge Alfaro,Miguel Rojas,Caleb Smith,Wil Myers,Franmil Reyes,Manny Machado,Eric Hosmer,Hunter Renfroe,Ty France,Ian Kinsler,Austin Hedges,Joey Lucchesi
0,Marlins,2019-06-1,Padres,Jose Urena,Nick Margevicius,Austin Dean,Garrett Cooper,Brian Anderson,Starlin Castro,Harold Ramirez,Martin Prado,Miguel Rojas,Bryan Holaday,Jose Urena,Greg Garcia,Franmil Reyes,Manny Machado,Eric Hosmer,Wil Myers,Josh Naylor,Ian Kinsler,Austin Hedges,Nick Margevicius
0,Nationals,2019-06-8,Padres,Max Scherzer,Eric Lauer,Trea Turner,Adam Eaton,Anthony Rendon,Juan Soto,Howie Kendrick,Brian Dozier,Kurt Suzuki,Victor Robles,Max Scherzer,Greg Garcia,Wil Myers,Manny Machado,Eric Hosmer,Franmil Reyes,Josh Naylor,Ian Kinsler,Austin Allen,Eric Lauer
0,Yankees,2019-06-13,White Sox,J.A. Happ,Ivan Nova,DJ LeMahieu,Aaron Hicks,Luke Voit,Gary Sanchez,Didi Gregorius,Gleyber Torres,Brett Gardner,Clint Frazier,Mike Tauchman,Leury Garcia,Tim Anderson,Jose Abreu,James McCann,Eloy Jimenez,Yonder Alonso,Jose Rondon,Yolmer Sanchez,Ryan Cordell
0,Nationals,2019-06-26,Marlins,Patrick Corbin,Zac Gallen,Trea Turner,Adam Eaton,Anthony Rendon,Juan Soto,Matt Adams,Victor Robles,Brian Dozier,Yan Gomes,Patrick Corbin,Miguel Rojas,Harold Ramirez,Garrett Cooper,Brian Anderson,Starlin Castro,Cesar Puello,Bryan Holaday,Yadiel Rivera,Zac Gallen
0,Marlins,2019-07-2,Nationals,Zac Gallen,Patrick Corbin,Miguel Rojas,Harold Ramirez,Garrett Cooper,Brian Anderson,Starlin Castro,Neil Walker,Jorge Alfaro,Cesar Puello,Zac Gallen,Trea Turner,Adam Eaton,Anthony Rendon,Juan Soto,Howie Kendrick,Ryan Zimmerman,Victor Robles,Yan Gomes,Patrick Corbin
0,Nationals,2019-07-14,Phillies,Anibal Sanchez,Jake Arrieta,Trea Turner,Adam Eaton,Anthony Rendon,Juan Soto,Matt Adams,Brian Dozier,Kurt Suzuki,Victor Robles,Anibal Sanchez,Scott Kingery,Jean Segura,Bryce Harper,Rhys Hoskins,J.T. Realmuto,Jay Bruce,Maikel Franco,Adam Haseley,Jake Arrieta
0,Dodgers,2019-07-26,Nationals,Hyun-Jin Ryu,Anibal Sanchez,Joc Pederson,Alex Verdugo,Justin Turner,Cody Bellinger,Max Muncy,A.J. Pollock,Corey Seager,Russell Martin,Hyun-Jin Ryu,Trea Turner,Adam Eaton,Anthony Rendon,Juan Soto,Howie Kendrick,Kurt Suzuki,Brian Dozier,Victor Robles,Anibal Sanchez
0,Dodgers,2019-07-29,Rockies,Kenta Maeda,Jon Gray,Joc Pederson,Max Muncy,Justin Turner,Cody Bellinger,Corey Seager,A.J. Pollock,Alex Verdugo,Will Smith,Kenta Maeda,David Dahl,Trevor Story,Nolan Arenado,Daniel Murphy,Ryan McMahon,Ian Desmond,Raimel Tapia,Tony Wolters,Jon Gray
0,White Sox,2019-08-18,Angels,Dylan Cease,Griffin Canning,Leury Garcia,Jon Jay,Jose Abreu,James McCann,Eloy Jimenez,Matt Skole,Tim Anderson,Ryan Goins,Yolmer Sanchez,Brian Goodwin,David Fletcher,Shohei Ohtani,Justin Upton,Kole Calhoun,Luis Rengifo,Matt Thaiss,Wilfredo Tovar,Anthony BemboomA. Bemboom
0,Angels,2019-08-20,Rangers,Jaime Barria,Brock Burke,David Fletcher,Mike Trout,Shohei Ohtani,Justin Upton,Albert Pujols,Brian Goodwin,Luis Rengifo,Wilfredo Tovar,Max Stassi,Shin-Soo Choo,Danny Santana,Elvis Andrus,Willie Calhoun,Rougned Odor,Logan Forsythe,Nick Solak,Scott Heineman,Jose Trevino
0,Nationals,2019-08-22,Pirates,Max Scherzer,Steven Brault,Trea Turner,Adam Eaton,Anthony Rendon,Juan Soto,Howie Kendrick,Kurt Suzuki,Brian Dozier,Victor Robles,Max Scherzer,Adam Frazier,Bryan Reynolds,Starling Marte,Josh Bell,Colin Moran,Melky Cabrera,Kevin Newman,Elias Diaz,Steven Brault
0,Rangers,2019-08-24,White Sox,Kolby Allard,Ivan Nova,Shin-Soo Choo,Danny Santana,Elvis Andrus,Willie Calhoun,Nick Solak,Rougned Odor,Logan Forsythe,Scott Heineman,Jeff Mathis,Leury Garcia,Tim Anderson,Jose Abreu,Yoan Moncada,Eloy Jimenez,James McCann,Jon Jay,Adam Engel,Yolmer Sanchez
0,Yankees,2019-08-26,Mariners,J.A. Happ,Matt Wisler,DJ LeMahieu,Aaron Judge,Brett Gardner,Gleyber Torres,Gary Sanchez,Mike Tauchman,Gio Urshela,Austin Romine,Mike Ford,Tim Lopes,J.P. Crawford,Austin Nola,Kyle Seager,Tom Murphy,Omar Narvaez,Jake Fraley,Dylan Moore,Keon Broxton
0,Padres,2019-08-31,Giants,Joey Lucchesi,Logan Webb,Greg Garcia,Nick Martini,Manny Machado,Eric Hosmer,Josh Naylor,Manuel Margot,Luis Urias,Austin Hedges,Joey Lucchesi,Donovan Solano,Austin Slater,Kevin Pillar,Evan Longoria,Buster Posey,Joey Rickard,Brandon Belt,Mauricio Dubon,Logan Webb
0,Marlins,2019-09-1,Nationals,Caleb Smith,Patrick Corbin,Miguel Rojas,Harold Ramirez,Garrett Cooper,Starlin Castro,Martin Prado,Lewis Brinson,Austin Dean,Bryan Holaday,Caleb Smith,Trea Turner,Victor Robles,Anthony Rendon,Juan Soto,Howie Kendrick,Ryan Zimmerman,Yan Gomes,Gerardo Parra,Patrick Corbin
0,White Sox,2019-09-13,Mariners,Dylan Covey,Yusei Kikuchi,Leury Garcia,Tim Anderson,Jose Abreu,Eloy Jimenez,Yoan Moncada,Danny Mendick,Adam Engel,Zack Collins,Ryan Cordell,Shed Long Jr.,J.P. Crawford,Austin Nola,Kyle Seager,Kyle Lewis,Omar Narvaez,Tom Murphy,Dee Gordon,Mallex Smith
0,Dodgers,2019-09-14,Mets,Hyun-Jin Ryu,Jacob deGrom,Joc Pederson,Max Muncy,Matt Beaty,Cody Bellinger,Corey Seager,A.J. Pollock,Gavin Lux,Russell Martin,Hyun-Jin Ryu,Amed Rosario,J.D. Davis,Jeff McNeil,Pete Alonso,Wilson Ramos,Robinson Cano,Todd Frazier,Juan Lagares,Jacob deGrom
0,Mariners,2019-09-17,Pirates,Marco Gonzales,Mitch Keller,Shed Long Jr.,J.P. Crawford,Kyle Seager,Kyle Lewis,Omar Narvaez,Austin Nola,Dee Gordon,Mallex Smith,Marco Gonzales,Kevin Newman,Adam Frazier,Melky Cabrera,Jose Osuna,Elias Diaz,Colin Moran,Erik Gonzalez,Kevin Kramer,Mitch Keller
0,Mariners,2019-09-18,Pirates,Justin Dunn,Dario Agrazal,Shed Long Jr.,J.P. Crawford,Austin Nola,Kyle Seager,Kyle Lewis,Tom Murphy,Dee Gordon,Dylan Moore,Justin Dunn,Kevin Newman,Bryan Reynolds,Colin Moran,Jose Osuna,Adam Frazier,Elias Diaz,Kevin Kramer,Erik Gonzalez,Dario Agrazal
0,Athletics,2019-09-24,Angels,Homer Bailey,Dillon Peters,Marcus Semien,Matt Chapman,Matt Olson,Mark Canha,Ramon Laureano,Khris Davis,Chad Pinder,Sean Murphy,Sheldon Neuse,David Fletcher,Brian Goodwin,Albert Pujols,Kole Calhoun,Kevan Smith,Jared Walsh,Taylor Ward,Matt Thaiss,Kaleb Cowart
0,Dodgers,2019-09-28,Giants,Hyun-Jin Ryu,Logan Webb,Joc Pederson,Max Muncy,Chris Taylor,Cody Bellinger,Corey Seager,Matt Beaty,Gavin Lux,Russell Martin,Hyun-Jin Ryu,Donovan Solano,Mauricio Dubon,Buster Posey,Evan Longoria,Kevin Pillar,Austin Slater,Jaylin Davis,Joey Rickard,Logan Webb
